EntryID	Reaction	Buffer	ECNumber	CellularLocation	Organism	Temperature	pH	Activator	Cofactor	Inhibitor	KeggReactionID	KineticMechanismType	Other Modifier	parameter.type	parameter.associatedSpecies	parameter.startValue	parameter.endValue	parameter.standardDeviation	parameter.unit	Pathway	Product	PubMedID	Publication	Rate Equation	SabioReactionID	Substrate	UniProtKB_AC	Tissue	Enzyme Variant	Enzymename
1826	ATP + D-Fructose 6-phosphate = ADP + D-Fructose 1,6-bisphosphate	[ 33 mM Tris-HCl, 5.0 mM magnesium sulfate, 0.16 mM NADH, 50 mM KCl, 1.0 mM DTT, 0.4 U/ml glycerophosphate dehydrogenase, 4.6 U/ml triosephosphate isomerase, 1.4 U/ml aldolase,  33 mM Tris-HCl, 5.0 mM magnesium sulfate, 0.16 mM NADH, 50 mM KCl, 1.0 mM DTT, 0.4 U/ml glycerophosphate dehydrogenase, 4.6 U/ml triosephosphate isomerase, 1.4 U/ml aldolase]	2.7.1.11	[unknown, unknown, unknown, unknown, unknown]	Homo sapiens	25.0	7.1				R00756	Hill Cooperativity		Vmax		2.03333333E-7		-	mol*s^(-1)*g^(-1)	Glycolysis/Gluconeogenesis	D-Fructose 1,6-bisphosphate;ADP	7488210	Durante P, Raleigh X, Gómez ME, Campos G, Ryder E: Isozyme analysis of human normal polymorphonuclear leukocyte phosphofructokinase., Biochem Biophys Res Commun 1995 (216) , 898-905	unknown	1113	ATP;D-Fructose 6-phosphate	P17858	polymorphonuclear leukocyte	wildtype isozyme PFKL	6-phosphofructokinase
1826	ATP + D-Fructose 6-phosphate = ADP + D-Fructose 1,6-bisphosphate	[ 33 mM Tris-HCl, 5.0 mM magnesium sulfate, 0.16 mM NADH, 50 mM KCl, 1.0 mM DTT, 0.4 U/ml glycerophosphate dehydrogenase, 4.6 U/ml triosephosphate isomerase, 1.4 U/ml aldolase,  33 mM Tris-HCl, 5.0 mM magnesium sulfate, 0.16 mM NADH, 50 mM KCl, 1.0 mM DTT, 0.4 U/ml glycerophosphate dehydrogenase, 4.6 U/ml triosephosphate isomerase, 1.4 U/ml aldolase]	2.7.1.11	[unknown, unknown, unknown, unknown, unknown]	Homo sapiens	25.0	7.1				R00756	Hill Cooperativity		concentration	D-Fructose 6-phosphate	5.0E-5	0.002	-	M	Glycolysis/Gluconeogenesis	D-Fructose 1,6-bisphosphate;ADP	7488210	Durante P, Raleigh X, Gómez ME, Campos G, Ryder E: Isozyme analysis of human normal polymorphonuclear leukocyte phosphofructokinase., Biochem Biophys Res Commun 1995 (216) , 898-905	unknown	1113	ATP;D-Fructose 6-phosphate	P17858	polymorphonuclear leukocyte	wildtype isozyme PFKL	6-phosphofructokinase
1826	ATP + D-Fructose 6-phosphate = ADP + D-Fructose 1,6-bisphosphate	[ 33 mM Tris-HCl, 5.0 mM magnesium sulfate, 0.16 mM NADH, 50 mM KCl, 1.0 mM DTT, 0.4 U/ml glycerophosphate dehydrogenase, 4.6 U/ml triosephosphate isomerase, 1.4 U/ml aldolase,  33 mM Tris-HCl, 5.0 mM magnesium sulfate, 0.16 mM NADH, 50 mM KCl, 1.0 mM DTT, 0.4 U/ml glycerophosphate dehydrogenase, 4.6 U/ml triosephosphate isomerase, 1.4 U/ml aldolase]	2.7.1.11	[unknown, unknown, unknown, unknown, unknown]	Homo sapiens	25.0	7.1				R00756	Hill Cooperativity		Hill coefficient	D-Fructose 6-phosphate	2.4		-	-	Glycolysis/Gluconeogenesis	D-Fructose 1,6-bisphosphate;ADP	7488210	Durante P, Raleigh X, Gómez ME, Campos G, Ryder E: Isozyme analysis of human normal polymorphonuclear leukocyte phosphofructokinase., Biochem Biophys Res Commun 1995 (216) , 898-905	unknown	1113	ATP;D-Fructose 6-phosphate	P17858	polymorphonuclear leukocyte	wildtype isozyme PFKL	6-phosphofructokinase
1826	ATP + D-Fructose 6-phosphate = ADP + D-Fructose 1,6-bisphosphate	[ 33 mM Tris-HCl, 5.0 mM magnesium sulfate, 0.16 mM NADH, 50 mM KCl, 1.0 mM DTT, 0.4 U/ml glycerophosphate dehydrogenase, 4.6 U/ml triosephosphate isomerase, 1.4 U/ml aldolase,  33 mM Tris-HCl, 5.0 mM magnesium sulfate, 0.16 mM NADH, 50 mM KCl, 1.0 mM DTT, 0.4 U/ml glycerophosphate dehydrogenase, 4.6 U/ml triosephosphate isomerase, 1.4 U/ml aldolase]	2.7.1.11	[unknown, unknown, unknown, unknown, unknown]	Homo sapiens	25.0	7.1				R00756	Hill Cooperativity		S_half	D-Fructose 6-phosphate	7.0E-5		-	M	Glycolysis/Gluconeogenesis	D-Fructose 1,6-bisphosphate;ADP	7488210	Durante P, Raleigh X, Gómez ME, Campos G, Ryder E: Isozyme analysis of human normal polymorphonuclear leukocyte phosphofructokinase., Biochem Biophys Res Commun 1995 (216) , 898-905	unknown	1113	ATP;D-Fructose 6-phosphate	P17858	polymorphonuclear leukocyte	wildtype isozyme PFKL	6-phosphofructokinase
1826	ATP + D-Fructose 6-phosphate = ADP + D-Fructose 1,6-bisphosphate	[ 33 mM Tris-HCl, 5.0 mM magnesium sulfate, 0.16 mM NADH, 50 mM KCl, 1.0 mM DTT, 0.4 U/ml glycerophosphate dehydrogenase, 4.6 U/ml triosephosphate isomerase, 1.4 U/ml aldolase,  33 mM Tris-HCl, 5.0 mM magnesium sulfate, 0.16 mM NADH, 50 mM KCl, 1.0 mM DTT, 0.4 U/ml glycerophosphate dehydrogenase, 4.6 U/ml triosephosphate isomerase, 1.4 U/ml aldolase]	2.7.1.11	[unknown, unknown, unknown, unknown, unknown]	Homo sapiens	25.0	7.1				R00756	Hill Cooperativity		concentration	ATP	2.0E-4		-	M	Glycolysis/Gluconeogenesis	D-Fructose 1,6-bisphosphate;ADP	7488210	Durante P, Raleigh X, Gómez ME, Campos G, Ryder E: Isozyme analysis of human normal polymorphonuclear leukocyte phosphofructokinase., Biochem Biophys Res Commun 1995 (216) , 898-905	unknown	1113	ATP;D-Fructose 6-phosphate	P17858	polymorphonuclear leukocyte	wildtype isozyme PFKL	6-phosphofructokinase
1827	ATP + D-Fructose 6-phosphate = ADP + D-Fructose 1,6-bisphosphate	[ 33 mM Tris-HCl, 5.0 mM magnesium sulfate, 0.16 mM NADH, 50 mM KCl, 1.0 mM DTT, 0.4 U/ml glycerophosphate dehydrogenase, 4.6 U/ml triosephosphate isomerase, 1.4 U/ml aldolase,  33 mM Tris-HCl, 5.0 mM magnesium sulfate, 0.16 mM NADH, 50 mM KCl, 1.0 mM DTT, 0.4 U/ml glycerophosphate dehydrogenase, 4.6 U/ml triosephosphate isomerase, 1.4 U/ml aldolase]	2.7.1.11	[unknown, unknown, unknown, unknown, unknown]	Homo sapiens	25.0	7.1				R00756	Hill Cooperativity		Vmax		1.0E-7		-	mol*s^(-1)*g^(-1)	Glycolysis/Gluconeogenesis	ADP;D-Fructose 1,6-bisphosphate	7488210	Durante P, Raleigh X, Gómez ME, Campos G, Ryder E: Isozyme analysis of human normal polymorphonuclear leukocyte phosphofructokinase., Biochem Biophys Res Commun 1995 (216) , 898-905	unknown	1113	D-Fructose 6-phosphate;ATP	P17858	polymorphonuclear leukocyte	wildtype isozyme PFKL	6-phosphofructokinase
1827	ATP + D-Fructose 6-phosphate = ADP + D-Fructose 1,6-bisphosphate	[ 33 mM Tris-HCl, 5.0 mM magnesium sulfate, 0.16 mM NADH, 50 mM KCl, 1.0 mM DTT, 0.4 U/ml glycerophosphate dehydrogenase, 4.6 U/ml triosephosphate isomerase, 1.4 U/ml aldolase,  33 mM Tris-HCl, 5.0 mM magnesium sulfate, 0.16 mM NADH, 50 mM KCl, 1.0 mM DTT, 0.4 U/ml glycerophosphate dehydrogenase, 4.6 U/ml triosephosphate isomerase, 1.4 U/ml aldolase]	2.7.1.11	[unknown, unknown, unknown, unknown, unknown]	Homo sapiens	25.0	7.1				R00756	Hill Cooperativity		Hill coefficient	D-Fructose 6-phosphate	0.7		-	-	Glycolysis/Gluconeogenesis	ADP;D-Fructose 1,6-bisphosphate	7488210	Durante P, Raleigh X, Gómez ME, Campos G, Ryder E: Isozyme analysis of human normal polymorphonuclear leukocyte phosphofructokinase., Biochem Biophys Res Commun 1995 (216) , 898-905	unknown	1113	D-Fructose 6-phosphate;ATP	P17858	polymorphonuclear leukocyte	wildtype isozyme PFKL	6-phosphofructokinase
1827	ATP + D-Fructose 6-phosphate = ADP + D-Fructose 1,6-bisphosphate	[ 33 mM Tris-HCl, 5.0 mM magnesium sulfate, 0.16 mM NADH, 50 mM KCl, 1.0 mM DTT, 0.4 U/ml glycerophosphate dehydrogenase, 4.6 U/ml triosephosphate isomerase, 1.4 U/ml aldolase,  33 mM Tris-HCl, 5.0 mM magnesium sulfate, 0.16 mM NADH, 50 mM KCl, 1.0 mM DTT, 0.4 U/ml glycerophosphate dehydrogenase, 4.6 U/ml triosephosphate isomerase, 1.4 U/ml aldolase]	2.7.1.11	[unknown, unknown, unknown, unknown, unknown]	Homo sapiens	25.0	7.1				R00756	Hill Cooperativity		S_half	D-Fructose 6-phosphate	0.0019		-	M	Glycolysis/Gluconeogenesis	ADP;D-Fructose 1,6-bisphosphate	7488210	Durante P, Raleigh X, Gómez ME, Campos G, Ryder E: Isozyme analysis of human normal polymorphonuclear leukocyte phosphofructokinase., Biochem Biophys Res Commun 1995 (216) , 898-905	unknown	1113	D-Fructose 6-phosphate;ATP	P17858	polymorphonuclear leukocyte	wildtype isozyme PFKL	6-phosphofructokinase
1827	ATP + D-Fructose 6-phosphate = ADP + D-Fructose 1,6-bisphosphate	[ 33 mM Tris-HCl, 5.0 mM magnesium sulfate, 0.16 mM NADH, 50 mM KCl, 1.0 mM DTT, 0.4 U/ml glycerophosphate dehydrogenase, 4.6 U/ml triosephosphate isomerase, 1.4 U/ml aldolase,  33 mM Tris-HCl, 5.0 mM magnesium sulfate, 0.16 mM NADH, 50 mM KCl, 1.0 mM DTT, 0.4 U/ml glycerophosphate dehydrogenase, 4.6 U/ml triosephosphate isomerase, 1.4 U/ml aldolase]	2.7.1.11	[unknown, unknown, unknown, unknown, unknown]	Homo sapiens	25.0	7.1				R00756	Hill Cooperativity		concentration	D-Fructose 6-phosphate	5.0E-5	0.002	-	M	Glycolysis/Gluconeogenesis	ADP;D-Fructose 1,6-bisphosphate	7488210	Durante P, Raleigh X, Gómez ME, Campos G, Ryder E: Isozyme analysis of human normal polymorphonuclear leukocyte phosphofructokinase., Biochem Biophys Res Commun 1995 (216) , 898-905	unknown	1113	D-Fructose 6-phosphate;ATP	P17858	polymorphonuclear leukocyte	wildtype isozyme PFKL	6-phosphofructokinase
1827	ATP + D-Fructose 6-phosphate = ADP + D-Fructose 1,6-bisphosphate	[ 33 mM Tris-HCl, 5.0 mM magnesium sulfate, 0.16 mM NADH, 50 mM KCl, 1.0 mM DTT, 0.4 U/ml glycerophosphate dehydrogenase, 4.6 U/ml triosephosphate isomerase, 1.4 U/ml aldolase,  33 mM Tris-HCl, 5.0 mM magnesium sulfate, 0.16 mM NADH, 50 mM KCl, 1.0 mM DTT, 0.4 U/ml glycerophosphate dehydrogenase, 4.6 U/ml triosephosphate isomerase, 1.4 U/ml aldolase]	2.7.1.11	[unknown, unknown, unknown, unknown, unknown]	Homo sapiens	25.0	7.1				R00756	Hill Cooperativity		concentration	ATP	0.002		-	M	Glycolysis/Gluconeogenesis	ADP;D-Fructose 1,6-bisphosphate	7488210	Durante P, Raleigh X, Gómez ME, Campos G, Ryder E: Isozyme analysis of human normal polymorphonuclear leukocyte phosphofructokinase., Biochem Biophys Res Commun 1995 (216) , 898-905	unknown	1113	D-Fructose 6-phosphate;ATP	P17858	polymorphonuclear leukocyte	wildtype isozyme PFKL	6-phosphofructokinase
1830	ATP + D-Fructose 6-phosphate = ADP + D-Fructose 1,6-bisphosphate	[ 33 mM Tris-HCl, 5.0 mM magnesium sulfate, 0.16 mM NADH, 50 mM KCl, 1.0 mM DTT, 0.4 U/ml glycerophosphate dehydrogenase, 4.6 U/ml triosephosphate isomerase, 1.4 U/ml aldolase,  33 mM Tris-HCl, 5.0 mM magnesium sulfate, 0.16 mM NADH, 50 mM KCl, 1.0 mM DTT, 0.4 U/ml glycerophosphate dehydrogenase, 4.6 U/ml triosephosphate isomerase, 1.4 U/ml aldolase]	2.7.1.11	[unknown, unknown, unknown, unknown, unknown]	Homo sapiens	25.0	7.1				R00756	Hill Cooperativity		Vmax		2.66666667E-8		-	mol*s^(-1)*g^(-1)	Glycolysis/Gluconeogenesis	ADP;D-Fructose 1,6-bisphosphate	7488210	Durante P, Raleigh X, Gómez ME, Campos G, Ryder E: Isozyme analysis of human normal polymorphonuclear leukocyte phosphofructokinase., Biochem Biophys Res Commun 1995 (216) , 898-905	unknown	1113	ATP;D-Fructose 6-phosphate	P17858	polymorphonuclear leukocyte	wildtype isozyme PFKL	6-phosphofructokinase
1830	ATP + D-Fructose 6-phosphate = ADP + D-Fructose 1,6-bisphosphate	[ 33 mM Tris-HCl, 5.0 mM magnesium sulfate, 0.16 mM NADH, 50 mM KCl, 1.0 mM DTT, 0.4 U/ml glycerophosphate dehydrogenase, 4.6 U/ml triosephosphate isomerase, 1.4 U/ml aldolase,  33 mM Tris-HCl, 5.0 mM magnesium sulfate, 0.16 mM NADH, 50 mM KCl, 1.0 mM DTT, 0.4 U/ml glycerophosphate dehydrogenase, 4.6 U/ml triosephosphate isomerase, 1.4 U/ml aldolase]	2.7.1.11	[unknown, unknown, unknown, unknown, unknown]	Homo sapiens	25.0	7.1				R00756	Hill Cooperativity		concentration	D-Fructose 6-phosphate	2.0E-4		-	M	Glycolysis/Gluconeogenesis	ADP;D-Fructose 1,6-bisphosphate	7488210	Durante P, Raleigh X, Gómez ME, Campos G, Ryder E: Isozyme analysis of human normal polymorphonuclear leukocyte phosphofructokinase., Biochem Biophys Res Commun 1995 (216) , 898-905	unknown	1113	ATP;D-Fructose 6-phosphate	P17858	polymorphonuclear leukocyte	wildtype isozyme PFKL	6-phosphofructokinase
1830	ATP + D-Fructose 6-phosphate = ADP + D-Fructose 1,6-bisphosphate	[ 33 mM Tris-HCl, 5.0 mM magnesium sulfate, 0.16 mM NADH, 50 mM KCl, 1.0 mM DTT, 0.4 U/ml glycerophosphate dehydrogenase, 4.6 U/ml triosephosphate isomerase, 1.4 U/ml aldolase,  33 mM Tris-HCl, 5.0 mM magnesium sulfate, 0.16 mM NADH, 50 mM KCl, 1.0 mM DTT, 0.4 U/ml glycerophosphate dehydrogenase, 4.6 U/ml triosephosphate isomerase, 1.4 U/ml aldolase]	2.7.1.11	[unknown, unknown, unknown, unknown, unknown]	Homo sapiens	25.0	7.1				R00756	Hill Cooperativity		concentration	ATP	5.0E-6	0.002	-	M	Glycolysis/Gluconeogenesis	ADP;D-Fructose 1,6-bisphosphate	7488210	Durante P, Raleigh X, Gómez ME, Campos G, Ryder E: Isozyme analysis of human normal polymorphonuclear leukocyte phosphofructokinase., Biochem Biophys Res Commun 1995 (216) , 898-905	unknown	1113	ATP;D-Fructose 6-phosphate	P17858	polymorphonuclear leukocyte	wildtype isozyme PFKL	6-phosphofructokinase
1830	ATP + D-Fructose 6-phosphate = ADP + D-Fructose 1,6-bisphosphate	[ 33 mM Tris-HCl, 5.0 mM magnesium sulfate, 0.16 mM NADH, 50 mM KCl, 1.0 mM DTT, 0.4 U/ml glycerophosphate dehydrogenase, 4.6 U/ml triosephosphate isomerase, 1.4 U/ml aldolase,  33 mM Tris-HCl, 5.0 mM magnesium sulfate, 0.16 mM NADH, 50 mM KCl, 1.0 mM DTT, 0.4 U/ml glycerophosphate dehydrogenase, 4.6 U/ml triosephosphate isomerase, 1.4 U/ml aldolase]	2.7.1.11	[unknown, unknown, unknown, unknown, unknown]	Homo sapiens	25.0	7.1				R00756	Hill Cooperativity		Hill coefficient	ATP	0.5		-	-	Glycolysis/Gluconeogenesis	ADP;D-Fructose 1,6-bisphosphate	7488210	Durante P, Raleigh X, Gómez ME, Campos G, Ryder E: Isozyme analysis of human normal polymorphonuclear leukocyte phosphofructokinase., Biochem Biophys Res Commun 1995 (216) , 898-905	unknown	1113	ATP;D-Fructose 6-phosphate	P17858	polymorphonuclear leukocyte	wildtype isozyme PFKL	6-phosphofructokinase
1830	ATP + D-Fructose 6-phosphate = ADP + D-Fructose 1,6-bisphosphate	[ 33 mM Tris-HCl, 5.0 mM magnesium sulfate, 0.16 mM NADH, 50 mM KCl, 1.0 mM DTT, 0.4 U/ml glycerophosphate dehydrogenase, 4.6 U/ml triosephosphate isomerase, 1.4 U/ml aldolase,  33 mM Tris-HCl, 5.0 mM magnesium sulfate, 0.16 mM NADH, 50 mM KCl, 1.0 mM DTT, 0.4 U/ml glycerophosphate dehydrogenase, 4.6 U/ml triosephosphate isomerase, 1.4 U/ml aldolase]	2.7.1.11	[unknown, unknown, unknown, unknown, unknown]	Homo sapiens	25.0	7.1				R00756	Hill Cooperativity		S_half	ATP	6.0E-5		-	M	Glycolysis/Gluconeogenesis	ADP;D-Fructose 1,6-bisphosphate	7488210	Durante P, Raleigh X, Gómez ME, Campos G, Ryder E: Isozyme analysis of human normal polymorphonuclear leukocyte phosphofructokinase., Biochem Biophys Res Commun 1995 (216) , 898-905	unknown	1113	ATP;D-Fructose 6-phosphate	P17858	polymorphonuclear leukocyte	wildtype isozyme PFKL	6-phosphofructokinase
1831	ATP + D-Fructose 6-phosphate = ADP + D-Fructose 1,6-bisphosphate	[ 33 mM Tris-HCl, 5.0 mM magnesium sulfate, 0.16 mM NADH, 50 mM KCl, 1.0 mM DTT, 0.4 U/ml glycerophosphate dehydrogenase, 4.6 U/ml triosephosphate isomerase, 1.4 U/ml aldolase,  33 mM Tris-HCl, 5.0 mM magnesium sulfate, 0.16 mM NADH, 50 mM KCl, 1.0 mM DTT, 0.4 U/ml glycerophosphate dehydrogenase, 4.6 U/ml triosephosphate isomerase, 1.4 U/ml aldolase]	2.7.1.11	[unknown, unknown, unknown, unknown, unknown]	Homo sapiens	25.0	7.1				R00756	Hill Cooperativity		Vmax		5.16666667E-8		-	mol*s^(-1)*g^(-1)	Glycolysis/Gluconeogenesis	D-Fructose 1,6-bisphosphate;ADP	7488210	Durante P, Raleigh X, Gómez ME, Campos G, Ryder E: Isozyme analysis of human normal polymorphonuclear leukocyte phosphofructokinase., Biochem Biophys Res Commun 1995 (216) , 898-905	unknown	1113	ATP;D-Fructose 6-phosphate	P17858	polymorphonuclear leukocyte	wildtype isozyme PFKL	6-phosphofructokinase
1831	ATP + D-Fructose 6-phosphate = ADP + D-Fructose 1,6-bisphosphate	[ 33 mM Tris-HCl, 5.0 mM magnesium sulfate, 0.16 mM NADH, 50 mM KCl, 1.0 mM DTT, 0.4 U/ml glycerophosphate dehydrogenase, 4.6 U/ml triosephosphate isomerase, 1.4 U/ml aldolase,  33 mM Tris-HCl, 5.0 mM magnesium sulfate, 0.16 mM NADH, 50 mM KCl, 1.0 mM DTT, 0.4 U/ml glycerophosphate dehydrogenase, 4.6 U/ml triosephosphate isomerase, 1.4 U/ml aldolase]	2.7.1.11	[unknown, unknown, unknown, unknown, unknown]	Homo sapiens	25.0	7.1				R00756	Hill Cooperativity		concentration	ATP	5.0E-6	0.002	-	M	Glycolysis/Gluconeogenesis	D-Fructose 1,6-bisphosphate;ADP	7488210	Durante P, Raleigh X, Gómez ME, Campos G, Ryder E: Isozyme analysis of human normal polymorphonuclear leukocyte phosphofructokinase., Biochem Biophys Res Commun 1995 (216) , 898-905	unknown	1113	ATP;D-Fructose 6-phosphate	P17858	polymorphonuclear leukocyte	wildtype isozyme PFKL	6-phosphofructokinase
1831	ATP + D-Fructose 6-phosphate = ADP + D-Fructose 1,6-bisphosphate	[ 33 mM Tris-HCl, 5.0 mM magnesium sulfate, 0.16 mM NADH, 50 mM KCl, 1.0 mM DTT, 0.4 U/ml glycerophosphate dehydrogenase, 4.6 U/ml triosephosphate isomerase, 1.4 U/ml aldolase,  33 mM Tris-HCl, 5.0 mM magnesium sulfate, 0.16 mM NADH, 50 mM KCl, 1.0 mM DTT, 0.4 U/ml glycerophosphate dehydrogenase, 4.6 U/ml triosephosphate isomerase, 1.4 U/ml aldolase]	2.7.1.11	[unknown, unknown, unknown, unknown, unknown]	Homo sapiens	25.0	7.1				R00756	Hill Cooperativity		Hill coefficient	ATP	0.6		-	-	Glycolysis/Gluconeogenesis	D-Fructose 1,6-bisphosphate;ADP	7488210	Durante P, Raleigh X, Gómez ME, Campos G, Ryder E: Isozyme analysis of human normal polymorphonuclear leukocyte phosphofructokinase., Biochem Biophys Res Commun 1995 (216) , 898-905	unknown	1113	ATP;D-Fructose 6-phosphate	P17858	polymorphonuclear leukocyte	wildtype isozyme PFKL	6-phosphofructokinase
1831	ATP + D-Fructose 6-phosphate = ADP + D-Fructose 1,6-bisphosphate	[ 33 mM Tris-HCl, 5.0 mM magnesium sulfate, 0.16 mM NADH, 50 mM KCl, 1.0 mM DTT, 0.4 U/ml glycerophosphate dehydrogenase, 4.6 U/ml triosephosphate isomerase, 1.4 U/ml aldolase,  33 mM Tris-HCl, 5.0 mM magnesium sulfate, 0.16 mM NADH, 50 mM KCl, 1.0 mM DTT, 0.4 U/ml glycerophosphate dehydrogenase, 4.6 U/ml triosephosphate isomerase, 1.4 U/ml aldolase]	2.7.1.11	[unknown, unknown, unknown, unknown, unknown]	Homo sapiens	25.0	7.1				R00756	Hill Cooperativity		concentration	D-Fructose 6-phosphate	0.002		-	M	Glycolysis/Gluconeogenesis	D-Fructose 1,6-bisphosphate;ADP	7488210	Durante P, Raleigh X, Gómez ME, Campos G, Ryder E: Isozyme analysis of human normal polymorphonuclear leukocyte phosphofructokinase., Biochem Biophys Res Commun 1995 (216) , 898-905	unknown	1113	ATP;D-Fructose 6-phosphate	P17858	polymorphonuclear leukocyte	wildtype isozyme PFKL	6-phosphofructokinase
1831	ATP + D-Fructose 6-phosphate = ADP + D-Fructose 1,6-bisphosphate	[ 33 mM Tris-HCl, 5.0 mM magnesium sulfate, 0.16 mM NADH, 50 mM KCl, 1.0 mM DTT, 0.4 U/ml glycerophosphate dehydrogenase, 4.6 U/ml triosephosphate isomerase, 1.4 U/ml aldolase,  33 mM Tris-HCl, 5.0 mM magnesium sulfate, 0.16 mM NADH, 50 mM KCl, 1.0 mM DTT, 0.4 U/ml glycerophosphate dehydrogenase, 4.6 U/ml triosephosphate isomerase, 1.4 U/ml aldolase]	2.7.1.11	[unknown, unknown, unknown, unknown, unknown]	Homo sapiens	25.0	7.1				R00756	Hill Cooperativity		S_half	ATP	8.0E-5		-	M	Glycolysis/Gluconeogenesis	D-Fructose 1,6-bisphosphate;ADP	7488210	Durante P, Raleigh X, Gómez ME, Campos G, Ryder E: Isozyme analysis of human normal polymorphonuclear leukocyte phosphofructokinase., Biochem Biophys Res Commun 1995 (216) , 898-905	unknown	1113	ATP;D-Fructose 6-phosphate	P17858	polymorphonuclear leukocyte	wildtype isozyme PFKL	6-phosphofructokinase
2364	ATP + D-Fructose 6-phosphate = ADP + D-Fructose 1,6-bisphosphate	[ 50 mM Tris chloride, 1 mM dithioerythritol, 0.25 mM NADH, 0.1 mg aldolase, 0.01 mg triose isomerase, 0.1 mg alpha-glycerophosphate dehydrogenase,  50 mM Tris chloride, 1 mM dithioerythritol, 0.25 mM NADH, 0.1 mg aldolase, 0.01 mg triose isomerase, 0.1 mg alpha-glycerophosphate dehydrogenase]	2.7.1.11	[unknown, unknown, unknown, unknown, unknown, unknown, unknown]	Homo sapiens	23.0	8.0		Mg2+	2,3-Bisphosphoglycerate	R00756	Mixed inhibition		concentration	Mg2+	3.0E-5	6.0E-5		M	Starch and Sucrose metabolism	ADP;D-Fructose 1,6-bisphosphate	4258865	Ponce J, Roth S, Harkness DR: Kinetic studies on the inhibition of glycolytic kinases of human erythrocytes by 2,3-Diphosphoglyceric acid, Biochim Biophys Acta 1971 (250) , 63-74	unknown	1113	D-Fructose 6-phosphate;ATP	P08237;P17858;P08237	erythrocyte	wildtype	6-phosphofructokinase
2364	ATP + D-Fructose 6-phosphate = ADP + D-Fructose 1,6-bisphosphate	[ 50 mM Tris chloride, 1 mM dithioerythritol, 0.25 mM NADH, 0.1 mg aldolase, 0.01 mg triose isomerase, 0.1 mg alpha-glycerophosphate dehydrogenase,  50 mM Tris chloride, 1 mM dithioerythritol, 0.25 mM NADH, 0.1 mg aldolase, 0.01 mg triose isomerase, 0.1 mg alpha-glycerophosphate dehydrogenase]	2.7.1.11	[unknown, unknown, unknown, unknown, unknown, unknown, unknown]	Homo sapiens	23.0	8.0		Mg2+	2,3-Bisphosphoglycerate	R00756	Mixed inhibition		Km	ATP	6.7E-6		-	M	Starch and Sucrose metabolism	ADP;D-Fructose 1,6-bisphosphate	4258865	Ponce J, Roth S, Harkness DR: Kinetic studies on the inhibition of glycolytic kinases of human erythrocytes by 2,3-Diphosphoglyceric acid, Biochim Biophys Acta 1971 (250) , 63-74	unknown	1113	D-Fructose 6-phosphate;ATP	P08237;P17858;P08237	erythrocyte	wildtype	6-phosphofructokinase
2364	ATP + D-Fructose 6-phosphate = ADP + D-Fructose 1,6-bisphosphate	[ 50 mM Tris chloride, 1 mM dithioerythritol, 0.25 mM NADH, 0.1 mg aldolase, 0.01 mg triose isomerase, 0.1 mg alpha-glycerophosphate dehydrogenase,  50 mM Tris chloride, 1 mM dithioerythritol, 0.25 mM NADH, 0.1 mg aldolase, 0.01 mg triose isomerase, 0.1 mg alpha-glycerophosphate dehydrogenase]	2.7.1.11	[unknown, unknown, unknown, unknown, unknown, unknown, unknown]	Homo sapiens	23.0	8.0		Mg2+	2,3-Bisphosphoglycerate	R00756	Mixed inhibition		concentration	D-Fructose 6-phosphate	6.0E-5		-	M	Starch and Sucrose metabolism	ADP;D-Fructose 1,6-bisphosphate	4258865	Ponce J, Roth S, Harkness DR: Kinetic studies on the inhibition of glycolytic kinases of human erythrocytes by 2,3-Diphosphoglyceric acid, Biochim Biophys Acta 1971 (250) , 63-74	unknown	1113	D-Fructose 6-phosphate;ATP	P08237;P17858;P08237	erythrocyte	wildtype	6-phosphofructokinase
2364	ATP + D-Fructose 6-phosphate = ADP + D-Fructose 1,6-bisphosphate	[ 50 mM Tris chloride, 1 mM dithioerythritol, 0.25 mM NADH, 0.1 mg aldolase, 0.01 mg triose isomerase, 0.1 mg alpha-glycerophosphate dehydrogenase,  50 mM Tris chloride, 1 mM dithioerythritol, 0.25 mM NADH, 0.1 mg aldolase, 0.01 mg triose isomerase, 0.1 mg alpha-glycerophosphate dehydrogenase]	2.7.1.11	[unknown, unknown, unknown, unknown, unknown, unknown, unknown]	Homo sapiens	23.0	8.0		Mg2+	2,3-Bisphosphoglycerate	R00756	Mixed inhibition		concentration	ATP	1.5E-5	0.015	-	M	Starch and Sucrose metabolism	ADP;D-Fructose 1,6-bisphosphate	4258865	Ponce J, Roth S, Harkness DR: Kinetic studies on the inhibition of glycolytic kinases of human erythrocytes by 2,3-Diphosphoglyceric acid, Biochim Biophys Acta 1971 (250) , 63-74	unknown	1113	D-Fructose 6-phosphate;ATP	P08237;P17858;P08237	erythrocyte	wildtype	6-phosphofructokinase
2364	ATP + D-Fructose 6-phosphate = ADP + D-Fructose 1,6-bisphosphate	[ 50 mM Tris chloride, 1 mM dithioerythritol, 0.25 mM NADH, 0.1 mg aldolase, 0.01 mg triose isomerase, 0.1 mg alpha-glycerophosphate dehydrogenase,  50 mM Tris chloride, 1 mM dithioerythritol, 0.25 mM NADH, 0.1 mg aldolase, 0.01 mg triose isomerase, 0.1 mg alpha-glycerophosphate dehydrogenase]	2.7.1.11	[unknown, unknown, unknown, unknown, unknown, unknown, unknown]	Homo sapiens	23.0	8.0		Mg2+	2,3-Bisphosphoglycerate	R00756	Mixed inhibition		concentration	2,3-Diphosphoglycerate	0.005	0.02	-	M	Starch and Sucrose metabolism	ADP;D-Fructose 1,6-bisphosphate	4258865	Ponce J, Roth S, Harkness DR: Kinetic studies on the inhibition of glycolytic kinases of human erythrocytes by 2,3-Diphosphoglyceric acid, Biochim Biophys Acta 1971 (250) , 63-74	unknown	1113	D-Fructose 6-phosphate;ATP	P08237;P17858;P08237	erythrocyte	wildtype	6-phosphofructokinase
2364	ATP + D-Fructose 6-phosphate = ADP + D-Fructose 1,6-bisphosphate	[ 50 mM Tris chloride, 1 mM dithioerythritol, 0.25 mM NADH, 0.1 mg aldolase, 0.01 mg triose isomerase, 0.1 mg alpha-glycerophosphate dehydrogenase,  50 mM Tris chloride, 1 mM dithioerythritol, 0.25 mM NADH, 0.1 mg aldolase, 0.01 mg triose isomerase, 0.1 mg alpha-glycerophosphate dehydrogenase]	2.7.1.11	[unknown, unknown, unknown, unknown, unknown, unknown, unknown]	Homo sapiens	23.0	8.0		Mg2+	2,3-Bisphosphoglycerate	R00756	Mixed inhibition		Km	Mg2+	2.5E-5		-	M	Starch and Sucrose metabolism	ADP;D-Fructose 1,6-bisphosphate	4258865	Ponce J, Roth S, Harkness DR: Kinetic studies on the inhibition of glycolytic kinases of human erythrocytes by 2,3-Diphosphoglyceric acid, Biochim Biophys Acta 1971 (250) , 63-74	unknown	1113	D-Fructose 6-phosphate;ATP	P08237;P17858;P08237	erythrocyte	wildtype	6-phosphofructokinase
2367	ATP + D-Fructose 6-phosphate = ADP + D-Fructose 1,6-bisphosphate	[ 50 mM Tris chloride, 1 mM dithioerythritol, 0.25 mM NADH, 0.1 mg aldolase, 0.01 mg triose isomerase, 0.1 mg alpha-glycerophosphate dehydrogenase,  50 mM Tris chloride, 1 mM dithioerythritol, 0.25 mM NADH, 0.1 mg aldolase, 0.01 mg triose isomerase, 0.1 mg alpha-glycerophosphate dehydrogenase]	2.7.1.11	[unknown, unknown, unknown, unknown, unknown, unknown, unknown]	Homo sapiens	23.0	8.0		Mg2+	2,3-Bisphosphoglycerate	R00756	Mixed inhibition		concentration	2,3-Diphosphoglycerate	0.005	0.02	-	M	Starch and Sucrose metabolism	ADP;D-Fructose 1,6-bisphosphate	4258865	Ponce J, Roth S, Harkness DR: Kinetic studies on the inhibition of glycolytic kinases of human erythrocytes by 2,3-Diphosphoglyceric acid, Biochim Biophys Acta 1971 (250) , 63-74	unknown	1113	ATP;D-Fructose 6-phosphate	P08237;P17858;P08237	erythrocyte	wildtype	6-phosphofructokinase
2367	ATP + D-Fructose 6-phosphate = ADP + D-Fructose 1,6-bisphosphate	[ 50 mM Tris chloride, 1 mM dithioerythritol, 0.25 mM NADH, 0.1 mg aldolase, 0.01 mg triose isomerase, 0.1 mg alpha-glycerophosphate dehydrogenase,  50 mM Tris chloride, 1 mM dithioerythritol, 0.25 mM NADH, 0.1 mg aldolase, 0.01 mg triose isomerase, 0.1 mg alpha-glycerophosphate dehydrogenase]	2.7.1.11	[unknown, unknown, unknown, unknown, unknown, unknown, unknown]	Homo sapiens	23.0	8.0		Mg2+	2,3-Bisphosphoglycerate	R00756	Mixed inhibition		concentration	ATP	1.5E-5	0.015	-	M	Starch and Sucrose metabolism	ADP;D-Fructose 1,6-bisphosphate	4258865	Ponce J, Roth S, Harkness DR: Kinetic studies on the inhibition of glycolytic kinases of human erythrocytes by 2,3-Diphosphoglyceric acid, Biochim Biophys Acta 1971 (250) , 63-74	unknown	1113	ATP;D-Fructose 6-phosphate	P08237;P17858;P08237	erythrocyte	wildtype	6-phosphofructokinase
2367	ATP + D-Fructose 6-phosphate = ADP + D-Fructose 1,6-bisphosphate	[ 50 mM Tris chloride, 1 mM dithioerythritol, 0.25 mM NADH, 0.1 mg aldolase, 0.01 mg triose isomerase, 0.1 mg alpha-glycerophosphate dehydrogenase,  50 mM Tris chloride, 1 mM dithioerythritol, 0.25 mM NADH, 0.1 mg aldolase, 0.01 mg triose isomerase, 0.1 mg alpha-glycerophosphate dehydrogenase]	2.7.1.11	[unknown, unknown, unknown, unknown, unknown, unknown, unknown]	Homo sapiens	23.0	8.0		Mg2+	2,3-Bisphosphoglycerate	R00756	Mixed inhibition		concentration	D-Fructose 6-phosphate	6.0E-5		-	M	Starch and Sucrose metabolism	ADP;D-Fructose 1,6-bisphosphate	4258865	Ponce J, Roth S, Harkness DR: Kinetic studies on the inhibition of glycolytic kinases of human erythrocytes by 2,3-Diphosphoglyceric acid, Biochim Biophys Acta 1971 (250) , 63-74	unknown	1113	ATP;D-Fructose 6-phosphate	P08237;P17858;P08237	erythrocyte	wildtype	6-phosphofructokinase
2367	ATP + D-Fructose 6-phosphate = ADP + D-Fructose 1,6-bisphosphate	[ 50 mM Tris chloride, 1 mM dithioerythritol, 0.25 mM NADH, 0.1 mg aldolase, 0.01 mg triose isomerase, 0.1 mg alpha-glycerophosphate dehydrogenase,  50 mM Tris chloride, 1 mM dithioerythritol, 0.25 mM NADH, 0.1 mg aldolase, 0.01 mg triose isomerase, 0.1 mg alpha-glycerophosphate dehydrogenase]	2.7.1.11	[unknown, unknown, unknown, unknown, unknown, unknown, unknown]	Homo sapiens	23.0	8.0		Mg2+	2,3-Bisphosphoglycerate	R00756	Mixed inhibition		Km	ATP	1.0E-5		-	M	Starch and Sucrose metabolism	ADP;D-Fructose 1,6-bisphosphate	4258865	Ponce J, Roth S, Harkness DR: Kinetic studies on the inhibition of glycolytic kinases of human erythrocytes by 2,3-Diphosphoglyceric acid, Biochim Biophys Acta 1971 (250) , 63-74	unknown	1113	ATP;D-Fructose 6-phosphate	P08237;P17858;P08237	erythrocyte	wildtype	6-phosphofructokinase
2367	ATP + D-Fructose 6-phosphate = ADP + D-Fructose 1,6-bisphosphate	[ 50 mM Tris chloride, 1 mM dithioerythritol, 0.25 mM NADH, 0.1 mg aldolase, 0.01 mg triose isomerase, 0.1 mg alpha-glycerophosphate dehydrogenase,  50 mM Tris chloride, 1 mM dithioerythritol, 0.25 mM NADH, 0.1 mg aldolase, 0.01 mg triose isomerase, 0.1 mg alpha-glycerophosphate dehydrogenase]	2.7.1.11	[unknown, unknown, unknown, unknown, unknown, unknown, unknown]	Homo sapiens	23.0	8.0		Mg2+	2,3-Bisphosphoglycerate	R00756	Mixed inhibition		concentration	Mg2+	3.0E-4		-	M	Starch and Sucrose metabolism	ADP;D-Fructose 1,6-bisphosphate	4258865	Ponce J, Roth S, Harkness DR: Kinetic studies on the inhibition of glycolytic kinases of human erythrocytes by 2,3-Diphosphoglyceric acid, Biochim Biophys Acta 1971 (250) , 63-74	unknown	1113	ATP;D-Fructose 6-phosphate	P08237;P17858;P08237	erythrocyte	wildtype	6-phosphofructokinase
2368	ATP + D-Fructose 6-phosphate = ADP + D-Fructose 1,6-bisphosphate	[ 50 mM Tris chloride, 1 mM dithioerythritol, 0.25 mM NADH, 0.1 mg aldolase, 0.01 mg triose isomerase, 0.1 mg alpha-glycerophosphate dehydrogenase,  50 mM Tris chloride, 1 mM dithioerythritol, 0.25 mM NADH, 0.1 mg aldolase, 0.01 mg triose isomerase, 0.1 mg alpha-glycerophosphate dehydrogenase]	2.7.1.11	[unknown, unknown, unknown, unknown, unknown, unknown, unknown]	Homo sapiens	23.0	8.0		Mg2+	2,3-Bisphosphoglycerate	R00756	Noncompetitive inhibition		concentration	ATP	9.0E-5		-	M	Starch and Sucrose metabolism	ADP;D-Fructose 1,6-bisphosphate	4258865	Ponce J, Roth S, Harkness DR: Kinetic studies on the inhibition of glycolytic kinases of human erythrocytes by 2,3-Diphosphoglyceric acid, Biochim Biophys Acta 1971 (250) , 63-74	unknown	1113	ATP;D-Fructose 6-phosphate	P08237;P17858;P08237	erythrocyte	wildtype	6-phosphofructokinase
2368	ATP + D-Fructose 6-phosphate = ADP + D-Fructose 1,6-bisphosphate	[ 50 mM Tris chloride, 1 mM dithioerythritol, 0.25 mM NADH, 0.1 mg aldolase, 0.01 mg triose isomerase, 0.1 mg alpha-glycerophosphate dehydrogenase,  50 mM Tris chloride, 1 mM dithioerythritol, 0.25 mM NADH, 0.1 mg aldolase, 0.01 mg triose isomerase, 0.1 mg alpha-glycerophosphate dehydrogenase]	2.7.1.11	[unknown, unknown, unknown, unknown, unknown, unknown, unknown]	Homo sapiens	23.0	8.0		Mg2+	2,3-Bisphosphoglycerate	R00756	Noncompetitive inhibition		concentration	D-Fructose 6-phosphate	2.0E-5	4.0E-4	-	M	Starch and Sucrose metabolism	ADP;D-Fructose 1,6-bisphosphate	4258865	Ponce J, Roth S, Harkness DR: Kinetic studies on the inhibition of glycolytic kinases of human erythrocytes by 2,3-Diphosphoglyceric acid, Biochim Biophys Acta 1971 (250) , 63-74	unknown	1113	ATP;D-Fructose 6-phosphate	P08237;P17858;P08237	erythrocyte	wildtype	6-phosphofructokinase
2368	ATP + D-Fructose 6-phosphate = ADP + D-Fructose 1,6-bisphosphate	[ 50 mM Tris chloride, 1 mM dithioerythritol, 0.25 mM NADH, 0.1 mg aldolase, 0.01 mg triose isomerase, 0.1 mg alpha-glycerophosphate dehydrogenase,  50 mM Tris chloride, 1 mM dithioerythritol, 0.25 mM NADH, 0.1 mg aldolase, 0.01 mg triose isomerase, 0.1 mg alpha-glycerophosphate dehydrogenase]	2.7.1.11	[unknown, unknown, unknown, unknown, unknown, unknown, unknown]	Homo sapiens	23.0	8.0		Mg2+	2,3-Bisphosphoglycerate	R00756	Noncompetitive inhibition		Km	D-Fructose 6-phosphate	5.0E-4		-	M	Starch and Sucrose metabolism	ADP;D-Fructose 1,6-bisphosphate	4258865	Ponce J, Roth S, Harkness DR: Kinetic studies on the inhibition of glycolytic kinases of human erythrocytes by 2,3-Diphosphoglyceric acid, Biochim Biophys Acta 1971 (250) , 63-74	unknown	1113	ATP;D-Fructose 6-phosphate	P08237;P17858;P08237	erythrocyte	wildtype	6-phosphofructokinase
2368	ATP + D-Fructose 6-phosphate = ADP + D-Fructose 1,6-bisphosphate	[ 50 mM Tris chloride, 1 mM dithioerythritol, 0.25 mM NADH, 0.1 mg aldolase, 0.01 mg triose isomerase, 0.1 mg alpha-glycerophosphate dehydrogenase,  50 mM Tris chloride, 1 mM dithioerythritol, 0.25 mM NADH, 0.1 mg aldolase, 0.01 mg triose isomerase, 0.1 mg alpha-glycerophosphate dehydrogenase]	2.7.1.11	[unknown, unknown, unknown, unknown, unknown, unknown, unknown]	Homo sapiens	23.0	8.0		Mg2+	2,3-Bisphosphoglycerate	R00756	Noncompetitive inhibition		concentration	2,3-Diphosphoglycerate	0.005	0.02	-	M	Starch and Sucrose metabolism	ADP;D-Fructose 1,6-bisphosphate	4258865	Ponce J, Roth S, Harkness DR: Kinetic studies on the inhibition of glycolytic kinases of human erythrocytes by 2,3-Diphosphoglyceric acid, Biochim Biophys Acta 1971 (250) , 63-74	unknown	1113	ATP;D-Fructose 6-phosphate	P08237;P17858;P08237	erythrocyte	wildtype	6-phosphofructokinase
2368	ATP + D-Fructose 6-phosphate = ADP + D-Fructose 1,6-bisphosphate	[ 50 mM Tris chloride, 1 mM dithioerythritol, 0.25 mM NADH, 0.1 mg aldolase, 0.01 mg triose isomerase, 0.1 mg alpha-glycerophosphate dehydrogenase,  50 mM Tris chloride, 1 mM dithioerythritol, 0.25 mM NADH, 0.1 mg aldolase, 0.01 mg triose isomerase, 0.1 mg alpha-glycerophosphate dehydrogenase]	2.7.1.11	[unknown, unknown, unknown, unknown, unknown, unknown, unknown]	Homo sapiens	23.0	8.0		Mg2+	2,3-Bisphosphoglycerate	R00756	Noncompetitive inhibition		concentration	Mg2+	3.0E-4		-	M	Starch and Sucrose metabolism	ADP;D-Fructose 1,6-bisphosphate	4258865	Ponce J, Roth S, Harkness DR: Kinetic studies on the inhibition of glycolytic kinases of human erythrocytes by 2,3-Diphosphoglyceric acid, Biochim Biophys Acta 1971 (250) , 63-74	unknown	1113	ATP;D-Fructose 6-phosphate	P08237;P17858;P08237	erythrocyte	wildtype	6-phosphofructokinase
4545	ATP + D-Fructose 6-phosphate = ADP + D-Fructose 1,6-bisphosphate	[ 50 mM TES, 0.1 mM NADH,  50 mM TES, 0.1 mM NADH]	2.7.1.11	[unknown, unknown, unknown, unknown, unknown]	Homo sapiens	37.0	7.4				R00756	unknown		concentration	ATP	0.001		-	M	Glycolysis/Gluconeogenesis	ADP;D-Fructose 1,6-bisphosphate	2970843	Dunaway GA, Kasten TP, Sebo T, Trapp R: Analysis of the phosphofructokinase subunits and isoenzymes in human tissues, Biochem J 1988 (251) , 677-83	unknown	1113	ATP;D-Fructose 6-phosphate	P17858;Q01813;P08237;P17858	placenta	wildtype	6-phosphofructokinase
4545	ATP + D-Fructose 6-phosphate = ADP + D-Fructose 1,6-bisphosphate	[ 50 mM TES, 0.1 mM NADH,  50 mM TES, 0.1 mM NADH]	2.7.1.11	[unknown, unknown, unknown, unknown, unknown]	Homo sapiens	37.0	7.4				R00756	unknown		Km	D-Fructose 6-phosphate	0.005		-	M	Glycolysis/Gluconeogenesis	ADP;D-Fructose 1,6-bisphosphate	2970843	Dunaway GA, Kasten TP, Sebo T, Trapp R: Analysis of the phosphofructokinase subunits and isoenzymes in human tissues, Biochem J 1988 (251) , 677-83	unknown	1113	ATP;D-Fructose 6-phosphate	P17858;Q01813;P08237;P17858	placenta	wildtype	6-phosphofructokinase
4547	ATP + D-Fructose 6-phosphate = ADP + D-Fructose 1,6-bisphosphate	[ 50 mM TES, 0.1 mM NADH,  50 mM TES, 0.1 mM NADH]	2.7.1.11	[unknown, unknown, unknown, unknown, unknown]	Homo sapiens	37.0	7.4				R00756	unknown		concentration	ATP	0.001		-	M	Glycolysis/Gluconeogenesis	ADP;D-Fructose 1,6-bisphosphate	2970843	Dunaway GA, Kasten TP, Sebo T, Trapp R: Analysis of the phosphofructokinase subunits and isoenzymes in human tissues, Biochem J 1988 (251) , 677-83	unknown	1113	D-Fructose 6-phosphate;ATP	P17858;Q01813;P08237;P17858	platelet	wildtype	6-phosphofructokinase
4547	ATP + D-Fructose 6-phosphate = ADP + D-Fructose 1,6-bisphosphate	[ 50 mM TES, 0.1 mM NADH,  50 mM TES, 0.1 mM NADH]	2.7.1.11	[unknown, unknown, unknown, unknown, unknown]	Homo sapiens	37.0	7.4				R00756	unknown		Km	D-Fructose 6-phosphate	0.0035		-	M	Glycolysis/Gluconeogenesis	ADP;D-Fructose 1,6-bisphosphate	2970843	Dunaway GA, Kasten TP, Sebo T, Trapp R: Analysis of the phosphofructokinase subunits and isoenzymes in human tissues, Biochem J 1988 (251) , 677-83	unknown	1113	D-Fructose 6-phosphate;ATP	P17858;Q01813;P08237;P17858	platelet	wildtype	6-phosphofructokinase
4548	ATP + D-Fructose 6-phosphate = ADP + D-Fructose 1,6-bisphosphate	[ 50 mM TES, 0.1 mM NADH,  50 mM TES, 0.1 mM NADH]	2.7.1.11	[unknown, unknown, unknown, unknown, unknown]	Homo sapiens	37.0	7.4				R00756	unknown		Km	D-Fructose 6-phosphate	0.004		-	M	Glycolysis/Gluconeogenesis	ADP;D-Fructose 1,6-bisphosphate	2970843	Dunaway GA, Kasten TP, Sebo T, Trapp R: Analysis of the phosphofructokinase subunits and isoenzymes in human tissues, Biochem J 1988 (251) , 677-83	unknown	1113	D-Fructose 6-phosphate;ATP	P17858;Q01813;P08237;P17858	fibroblast	wildtype	6-phosphofructokinase
4548	ATP + D-Fructose 6-phosphate = ADP + D-Fructose 1,6-bisphosphate	[ 50 mM TES, 0.1 mM NADH,  50 mM TES, 0.1 mM NADH]	2.7.1.11	[unknown, unknown, unknown, unknown, unknown]	Homo sapiens	37.0	7.4				R00756	unknown		concentration	ATP	0.001		-	M	Glycolysis/Gluconeogenesis	ADP;D-Fructose 1,6-bisphosphate	2970843	Dunaway GA, Kasten TP, Sebo T, Trapp R: Analysis of the phosphofructokinase subunits and isoenzymes in human tissues, Biochem J 1988 (251) , 677-83	unknown	1113	D-Fructose 6-phosphate;ATP	P17858;Q01813;P08237;P17858	fibroblast	wildtype	6-phosphofructokinase
4550	ATP + D-Fructose 6-phosphate = ADP + D-Fructose 1,6-bisphosphate	[ 50 mM TES, 0.1 mM NADH,  50 mM TES, 0.1 mM NADH]	2.7.1.11	[unknown, unknown, unknown, unknown, unknown, unknown]	Homo sapiens	37.0	7.4	D-Fructose 2,6-bisphosphate			R00756	unknown		concentration	D-Fructose 2,6-bisphosphate	1.0E-6		-	M	Glycolysis/Gluconeogenesis	ADP;D-Fructose 1,6-bisphosphate	2970843	Dunaway GA, Kasten TP, Sebo T, Trapp R: Analysis of the phosphofructokinase subunits and isoenzymes in human tissues, Biochem J 1988 (251) , 677-83	unknown	1113	D-Fructose 6-phosphate;ATP	P17858;Q01813;P08237;P17858	placenta	wildtype	6-phosphofructokinase
4550	ATP + D-Fructose 6-phosphate = ADP + D-Fructose 1,6-bisphosphate	[ 50 mM TES, 0.1 mM NADH,  50 mM TES, 0.1 mM NADH]	2.7.1.11	[unknown, unknown, unknown, unknown, unknown, unknown]	Homo sapiens	37.0	7.4	D-Fructose 2,6-bisphosphate			R00756	unknown		Km	D-Fructose 6-phosphate	7.0E-5		-	M	Glycolysis/Gluconeogenesis	ADP;D-Fructose 1,6-bisphosphate	2970843	Dunaway GA, Kasten TP, Sebo T, Trapp R: Analysis of the phosphofructokinase subunits and isoenzymes in human tissues, Biochem J 1988 (251) , 677-83	unknown	1113	D-Fructose 6-phosphate;ATP	P17858;Q01813;P08237;P17858	placenta	wildtype	6-phosphofructokinase
4550	ATP + D-Fructose 6-phosphate = ADP + D-Fructose 1,6-bisphosphate	[ 50 mM TES, 0.1 mM NADH,  50 mM TES, 0.1 mM NADH]	2.7.1.11	[unknown, unknown, unknown, unknown, unknown, unknown]	Homo sapiens	37.0	7.4	D-Fructose 2,6-bisphosphate			R00756	unknown		concentration	ATP	0.001		-	M	Glycolysis/Gluconeogenesis	ADP;D-Fructose 1,6-bisphosphate	2970843	Dunaway GA, Kasten TP, Sebo T, Trapp R: Analysis of the phosphofructokinase subunits and isoenzymes in human tissues, Biochem J 1988 (251) , 677-83	unknown	1113	D-Fructose 6-phosphate;ATP	P17858;Q01813;P08237;P17858	placenta	wildtype	6-phosphofructokinase
4551	ATP + D-Fructose 6-phosphate = ADP + D-Fructose 1,6-bisphosphate	[ 50 mM TES, 0.1 mM NADH,  50 mM TES, 0.1 mM NADH]	2.7.1.11	[unknown, unknown, unknown, unknown, unknown, unknown]	Homo sapiens	37.0	7.4	D-Fructose 2,6-bisphosphate			R00756	unknown		concentration	ATP	0.001		-	M	Glycolysis/Gluconeogenesis	D-Fructose 1,6-bisphosphate;ADP	2970843	Dunaway GA, Kasten TP, Sebo T, Trapp R: Analysis of the phosphofructokinase subunits and isoenzymes in human tissues, Biochem J 1988 (251) , 677-83	unknown	1113	D-Fructose 6-phosphate;ATP	P17858;Q01813;P08237;P08237	platelet	wildtype	6-phosphofructokinase
4551	ATP + D-Fructose 6-phosphate = ADP + D-Fructose 1,6-bisphosphate	[ 50 mM TES, 0.1 mM NADH,  50 mM TES, 0.1 mM NADH]	2.7.1.11	[unknown, unknown, unknown, unknown, unknown, unknown]	Homo sapiens	37.0	7.4	D-Fructose 2,6-bisphosphate			R00756	unknown		Km	D-Fructose 6-phosphate	3.5E-4		-	M	Glycolysis/Gluconeogenesis	D-Fructose 1,6-bisphosphate;ADP	2970843	Dunaway GA, Kasten TP, Sebo T, Trapp R: Analysis of the phosphofructokinase subunits and isoenzymes in human tissues, Biochem J 1988 (251) , 677-83	unknown	1113	D-Fructose 6-phosphate;ATP	P17858;Q01813;P08237;P08237	platelet	wildtype	6-phosphofructokinase
4551	ATP + D-Fructose 6-phosphate = ADP + D-Fructose 1,6-bisphosphate	[ 50 mM TES, 0.1 mM NADH,  50 mM TES, 0.1 mM NADH]	2.7.1.11	[unknown, unknown, unknown, unknown, unknown, unknown]	Homo sapiens	37.0	7.4	D-Fructose 2,6-bisphosphate			R00756	unknown		concentration	D-Fructose 2,6-bisphosphate	1.0E-6		-	M	Glycolysis/Gluconeogenesis	D-Fructose 1,6-bisphosphate;ADP	2970843	Dunaway GA, Kasten TP, Sebo T, Trapp R: Analysis of the phosphofructokinase subunits and isoenzymes in human tissues, Biochem J 1988 (251) , 677-83	unknown	1113	D-Fructose 6-phosphate;ATP	P17858;Q01813;P08237;P08237	platelet	wildtype	6-phosphofructokinase
4552	ATP + D-Fructose 6-phosphate = ADP + D-Fructose 1,6-bisphosphate	[ 50 mM TES, 0.1 mM NADH,  50 mM TES, 0.1 mM NADH]	2.7.1.11	[unknown, unknown, unknown, unknown, unknown, unknown]	Homo sapiens	37.0	7.4	D-Fructose 2,6-bisphosphate			R00756	unknown		concentration	D-Fructose 2,6-bisphosphate	1.0E-6		-	M	Glycolysis/Gluconeogenesis	D-Fructose 1,6-bisphosphate;ADP	2970843	Dunaway GA, Kasten TP, Sebo T, Trapp R: Analysis of the phosphofructokinase subunits and isoenzymes in human tissues, Biochem J 1988 (251) , 677-83	unknown	1113	D-Fructose 6-phosphate;ATP	P17858;Q01813;P08237;P08237	fibroblast	wildtype	6-phosphofructokinase
4552	ATP + D-Fructose 6-phosphate = ADP + D-Fructose 1,6-bisphosphate	[ 50 mM TES, 0.1 mM NADH,  50 mM TES, 0.1 mM NADH]	2.7.1.11	[unknown, unknown, unknown, unknown, unknown, unknown]	Homo sapiens	37.0	7.4	D-Fructose 2,6-bisphosphate			R00756	unknown		Km	D-Fructose 6-phosphate	5.5E-4		-	M	Glycolysis/Gluconeogenesis	D-Fructose 1,6-bisphosphate;ADP	2970843	Dunaway GA, Kasten TP, Sebo T, Trapp R: Analysis of the phosphofructokinase subunits and isoenzymes in human tissues, Biochem J 1988 (251) , 677-83	unknown	1113	D-Fructose 6-phosphate;ATP	P17858;Q01813;P08237;P08237	fibroblast	wildtype	6-phosphofructokinase
4552	ATP + D-Fructose 6-phosphate = ADP + D-Fructose 1,6-bisphosphate	[ 50 mM TES, 0.1 mM NADH,  50 mM TES, 0.1 mM NADH]	2.7.1.11	[unknown, unknown, unknown, unknown, unknown, unknown]	Homo sapiens	37.0	7.4	D-Fructose 2,6-bisphosphate			R00756	unknown		concentration	ATP	0.001		-	M	Glycolysis/Gluconeogenesis	D-Fructose 1,6-bisphosphate;ADP	2970843	Dunaway GA, Kasten TP, Sebo T, Trapp R: Analysis of the phosphofructokinase subunits and isoenzymes in human tissues, Biochem J 1988 (251) , 677-83	unknown	1113	D-Fructose 6-phosphate;ATP	P17858;Q01813;P08237;P08237	fibroblast	wildtype	6-phosphofructokinase
11455	ATP + D-Fructose 6-phosphate = ADP + D-Fructose 1,6-bisphosphate	[ 50 mM Tris/HCl, 1 mM EDTA, 0.2 ditiothreitol, 5 mM MgCl2, 0.15 mm NADH, 0.18 unit Aldolase, 0.6 unit  Triose phosphate isomerase, 0.1 unit glycerophosphate dehydrogenase,  50 mM Tris/HCl, 1 mM EDTA, 0.2 ditiothreitol, 5 mM MgCl2, 0.15 mm NADH, 0.18 unit Aldolase, 0.6 unit  Triose phosphate isomerase, 0.1 unit glycerophosphate dehydrogenase]	2.7.1.11	[unknown, unknown, unknown, unknown, unknown]	Homo sapiens	26.0	7.2				R00756	Hill Cooperativity		S_half	D-Fructose 6-phosphate	4.6E-4		-	M	Starch and Sucrose metabolism	D-Fructose 1,6-bisphosphate;ADP	6444721	Vora S, Seaman C, Durham S, Piomelli S: Isozymes of human phosphofructokinase: identification and subunit structural characterization of a new system, Proc Natl Acad Sci U S A 1980 (77) , 62-6	unknown	1113	ATP;D-Fructose 6-phosphate	P08237;P17858;P08237	erythrocyte	wildtype isozyme	6-phosphofructokinase
11455	ATP + D-Fructose 6-phosphate = ADP + D-Fructose 1,6-bisphosphate	[ 50 mM Tris/HCl, 1 mM EDTA, 0.2 ditiothreitol, 5 mM MgCl2, 0.15 mm NADH, 0.18 unit Aldolase, 0.6 unit  Triose phosphate isomerase, 0.1 unit glycerophosphate dehydrogenase,  50 mM Tris/HCl, 1 mM EDTA, 0.2 ditiothreitol, 5 mM MgCl2, 0.15 mm NADH, 0.18 unit Aldolase, 0.6 unit  Triose phosphate isomerase, 0.1 unit glycerophosphate dehydrogenase]	2.7.1.11	[unknown, unknown, unknown, unknown, unknown]	Homo sapiens	26.0	7.2				R00756	Hill Cooperativity		concentration	ATP	1.0E-4		-	M	Starch and Sucrose metabolism	D-Fructose 1,6-bisphosphate;ADP	6444721	Vora S, Seaman C, Durham S, Piomelli S: Isozymes of human phosphofructokinase: identification and subunit structural characterization of a new system, Proc Natl Acad Sci U S A 1980 (77) , 62-6	unknown	1113	ATP;D-Fructose 6-phosphate	P08237;P17858;P08237	erythrocyte	wildtype isozyme	6-phosphofructokinase
11455	ATP + D-Fructose 6-phosphate = ADP + D-Fructose 1,6-bisphosphate	[ 50 mM Tris/HCl, 1 mM EDTA, 0.2 ditiothreitol, 5 mM MgCl2, 0.15 mm NADH, 0.18 unit Aldolase, 0.6 unit  Triose phosphate isomerase, 0.1 unit glycerophosphate dehydrogenase,  50 mM Tris/HCl, 1 mM EDTA, 0.2 ditiothreitol, 5 mM MgCl2, 0.15 mm NADH, 0.18 unit Aldolase, 0.6 unit  Triose phosphate isomerase, 0.1 unit glycerophosphate dehydrogenase]	2.7.1.11	[unknown, unknown, unknown, unknown, unknown]	Homo sapiens	26.0	7.2				R00756	Hill Cooperativity		concentration	D-Fructose 6-phosphate	2.5E-5	0.0016	-	M	Starch and Sucrose metabolism	D-Fructose 1,6-bisphosphate;ADP	6444721	Vora S, Seaman C, Durham S, Piomelli S: Isozymes of human phosphofructokinase: identification and subunit structural characterization of a new system, Proc Natl Acad Sci U S A 1980 (77) , 62-6	unknown	1113	ATP;D-Fructose 6-phosphate	P08237;P17858;P08237	erythrocyte	wildtype isozyme	6-phosphofructokinase
11457	ATP + D-Fructose 6-phosphate = ADP + D-Fructose 1,6-bisphosphate	[ 50 mM Tris/HCl, 1 mM EDTA, 0.2 ditiothreitol, 5 mM MgCl2, 0.15 mm NADH, 0.18 unit Aldolase, 0.6 unit  Triose phosphate isomerase, 0.1 unit glycerophosphate dehydrogenase,  50 mM Tris/HCl, 1 mM EDTA, 0.2 ditiothreitol, 5 mM MgCl2, 0.15 mm NADH, 0.18 unit Aldolase, 0.6 unit  Triose phosphate isomerase, 0.1 unit glycerophosphate dehydrogenase]	2.7.1.11	[unknown, unknown, unknown, unknown, unknown]	Homo sapiens	26.0	7.2				R00756	Hill Cooperativity		concentration	ATP	1.0E-4		-	M	Starch and Sucrose metabolism	D-Fructose 1,6-bisphosphate;ADP	6444721	Vora S, Seaman C, Durham S, Piomelli S: Isozymes of human phosphofructokinase: identification and subunit structural characterization of a new system, Proc Natl Acad Sci U S A 1980 (77) , 62-6	unknown	1113	D-Fructose 6-phosphate;ATP	P17858	liver	wildtype isozyme B	6-phosphofructokinase
11457	ATP + D-Fructose 6-phosphate = ADP + D-Fructose 1,6-bisphosphate	[ 50 mM Tris/HCl, 1 mM EDTA, 0.2 ditiothreitol, 5 mM MgCl2, 0.15 mm NADH, 0.18 unit Aldolase, 0.6 unit  Triose phosphate isomerase, 0.1 unit glycerophosphate dehydrogenase,  50 mM Tris/HCl, 1 mM EDTA, 0.2 ditiothreitol, 5 mM MgCl2, 0.15 mm NADH, 0.18 unit Aldolase, 0.6 unit  Triose phosphate isomerase, 0.1 unit glycerophosphate dehydrogenase]	2.7.1.11	[unknown, unknown, unknown, unknown, unknown]	Homo sapiens	26.0	7.2				R00756	Hill Cooperativity		concentration	D-Fructose 6-phosphate	2.5E-5	0.0016	-	M	Starch and Sucrose metabolism	D-Fructose 1,6-bisphosphate;ADP	6444721	Vora S, Seaman C, Durham S, Piomelli S: Isozymes of human phosphofructokinase: identification and subunit structural characterization of a new system, Proc Natl Acad Sci U S A 1980 (77) , 62-6	unknown	1113	D-Fructose 6-phosphate;ATP	P17858	liver	wildtype isozyme B	6-phosphofructokinase
11457	ATP + D-Fructose 6-phosphate = ADP + D-Fructose 1,6-bisphosphate	[ 50 mM Tris/HCl, 1 mM EDTA, 0.2 ditiothreitol, 5 mM MgCl2, 0.15 mm NADH, 0.18 unit Aldolase, 0.6 unit  Triose phosphate isomerase, 0.1 unit glycerophosphate dehydrogenase,  50 mM Tris/HCl, 1 mM EDTA, 0.2 ditiothreitol, 5 mM MgCl2, 0.15 mm NADH, 0.18 unit Aldolase, 0.6 unit  Triose phosphate isomerase, 0.1 unit glycerophosphate dehydrogenase]	2.7.1.11	[unknown, unknown, unknown, unknown, unknown]	Homo sapiens	26.0	7.2				R00756	Hill Cooperativity		S_half	D-Fructose 6-phosphate	2.4E-4		-	M	Starch and Sucrose metabolism	D-Fructose 1,6-bisphosphate;ADP	6444721	Vora S, Seaman C, Durham S, Piomelli S: Isozymes of human phosphofructokinase: identification and subunit structural characterization of a new system, Proc Natl Acad Sci U S A 1980 (77) , 62-6	unknown	1113	D-Fructose 6-phosphate;ATP	P17858	liver	wildtype isozyme B	6-phosphofructokinase
44012	ATP + D-Fructose 6-phosphate = ADP + D-Fructose 1,6-bisphosphate	[50 mM Glycyl-glycine, 1 mM (NH4)2SO4, 0.5 mg/ml Bovine albumin, 5 mM Dithiothreitol, 100 mM KCl, 0.2 mM NADH, 0.5 IU/ml Aldolase, 10 IU/ml Triose phosphate isomerase, 0.5 IU/ml Glycerol-3-phosphate dehydrogenase, 50 mM Glycyl-glycine, 1 mM (NH4)2SO4, 0.5 mg/ml Bovine albumin, 5 mM Dithiothreitol, 100 mM KCl, 0.2 mM NADH, 0.5 IU/ml Aldolase, 10 IU/ml Triose phosphate isomerase, 0.5 IU/ml Glycerol-3-phosphate dehydrogenase]	2.7.1.11	[unknown, unknown, unknown, unknown, unknown, unknown]	Homo sapiens	30.0	7.0		Mg2+		R00756	Hill Cooperativity		Hill coefficient	D-Fructose 6-phosphate	1.4		-	-	Glycolysis classical	D-Fructose 1,6-bisphosphate;ADP	6445282	Meienhofer MC, Cottreau D, Dreyfus JC, Kahn A: Kinetic properties of human F4 phosphofructokinase: a poor regulatory enzyme, FEBS Lett 1980 (110) , 219-22	(Vmax*S^n)/(S_half^n+S^n)	1113	D-Fructose 6-phosphate;ATP	P17858	erythrocyte	wildtype isoenzyme L-type	6-phosphofructokinase
44012	ATP + D-Fructose 6-phosphate = ADP + D-Fructose 1,6-bisphosphate	[50 mM Glycyl-glycine, 1 mM (NH4)2SO4, 0.5 mg/ml Bovine albumin, 5 mM Dithiothreitol, 100 mM KCl, 0.2 mM NADH, 0.5 IU/ml Aldolase, 10 IU/ml Triose phosphate isomerase, 0.5 IU/ml Glycerol-3-phosphate dehydrogenase, 50 mM Glycyl-glycine, 1 mM (NH4)2SO4, 0.5 mg/ml Bovine albumin, 5 mM Dithiothreitol, 100 mM KCl, 0.2 mM NADH, 0.5 IU/ml Aldolase, 10 IU/ml Triose phosphate isomerase, 0.5 IU/ml Glycerol-3-phosphate dehydrogenase]	2.7.1.11	[unknown, unknown, unknown, unknown, unknown, unknown]	Homo sapiens	30.0	7.0		Mg2+		R00756	Hill Cooperativity		concentration	Mg2+	7.5E-4		-	M	Glycolysis classical	D-Fructose 1,6-bisphosphate;ADP	6445282	Meienhofer MC, Cottreau D, Dreyfus JC, Kahn A: Kinetic properties of human F4 phosphofructokinase: a poor regulatory enzyme, FEBS Lett 1980 (110) , 219-22	(Vmax*S^n)/(S_half^n+S^n)	1113	D-Fructose 6-phosphate;ATP	P17858	erythrocyte	wildtype isoenzyme L-type	6-phosphofructokinase
44012	ATP + D-Fructose 6-phosphate = ADP + D-Fructose 1,6-bisphosphate	[50 mM Glycyl-glycine, 1 mM (NH4)2SO4, 0.5 mg/ml Bovine albumin, 5 mM Dithiothreitol, 100 mM KCl, 0.2 mM NADH, 0.5 IU/ml Aldolase, 10 IU/ml Triose phosphate isomerase, 0.5 IU/ml Glycerol-3-phosphate dehydrogenase, 50 mM Glycyl-glycine, 1 mM (NH4)2SO4, 0.5 mg/ml Bovine albumin, 5 mM Dithiothreitol, 100 mM KCl, 0.2 mM NADH, 0.5 IU/ml Aldolase, 10 IU/ml Triose phosphate isomerase, 0.5 IU/ml Glycerol-3-phosphate dehydrogenase]	2.7.1.11	[unknown, unknown, unknown, unknown, unknown, unknown]	Homo sapiens	30.0	7.0		Mg2+		R00756	Hill Cooperativity		Vmax				-	-	Glycolysis classical	D-Fructose 1,6-bisphosphate;ADP	6445282	Meienhofer MC, Cottreau D, Dreyfus JC, Kahn A: Kinetic properties of human F4 phosphofructokinase: a poor regulatory enzyme, FEBS Lett 1980 (110) , 219-22	(Vmax*S^n)/(S_half^n+S^n)	1113	D-Fructose 6-phosphate;ATP	P17858	erythrocyte	wildtype isoenzyme L-type	6-phosphofructokinase
44012	ATP + D-Fructose 6-phosphate = ADP + D-Fructose 1,6-bisphosphate	[50 mM Glycyl-glycine, 1 mM (NH4)2SO4, 0.5 mg/ml Bovine albumin, 5 mM Dithiothreitol, 100 mM KCl, 0.2 mM NADH, 0.5 IU/ml Aldolase, 10 IU/ml Triose phosphate isomerase, 0.5 IU/ml Glycerol-3-phosphate dehydrogenase, 50 mM Glycyl-glycine, 1 mM (NH4)2SO4, 0.5 mg/ml Bovine albumin, 5 mM Dithiothreitol, 100 mM KCl, 0.2 mM NADH, 0.5 IU/ml Aldolase, 10 IU/ml Triose phosphate isomerase, 0.5 IU/ml Glycerol-3-phosphate dehydrogenase]	2.7.1.11	[unknown, unknown, unknown, unknown, unknown, unknown]	Homo sapiens	30.0	7.0		Mg2+		R00756	Hill Cooperativity		concentration	ATP	2.5E-4		-	M	Glycolysis classical	D-Fructose 1,6-bisphosphate;ADP	6445282	Meienhofer MC, Cottreau D, Dreyfus JC, Kahn A: Kinetic properties of human F4 phosphofructokinase: a poor regulatory enzyme, FEBS Lett 1980 (110) , 219-22	(Vmax*S^n)/(S_half^n+S^n)	1113	D-Fructose 6-phosphate;ATP	P17858	erythrocyte	wildtype isoenzyme L-type	6-phosphofructokinase
44012	ATP + D-Fructose 6-phosphate = ADP + D-Fructose 1,6-bisphosphate	[50 mM Glycyl-glycine, 1 mM (NH4)2SO4, 0.5 mg/ml Bovine albumin, 5 mM Dithiothreitol, 100 mM KCl, 0.2 mM NADH, 0.5 IU/ml Aldolase, 10 IU/ml Triose phosphate isomerase, 0.5 IU/ml Glycerol-3-phosphate dehydrogenase, 50 mM Glycyl-glycine, 1 mM (NH4)2SO4, 0.5 mg/ml Bovine albumin, 5 mM Dithiothreitol, 100 mM KCl, 0.2 mM NADH, 0.5 IU/ml Aldolase, 10 IU/ml Triose phosphate isomerase, 0.5 IU/ml Glycerol-3-phosphate dehydrogenase]	2.7.1.11	[unknown, unknown, unknown, unknown, unknown, unknown]	Homo sapiens	30.0	7.0		Mg2+		R00756	Hill Cooperativity		concentration	D-Fructose 6-phosphate	2.5E-5	0.004	-	M	Glycolysis classical	D-Fructose 1,6-bisphosphate;ADP	6445282	Meienhofer MC, Cottreau D, Dreyfus JC, Kahn A: Kinetic properties of human F4 phosphofructokinase: a poor regulatory enzyme, FEBS Lett 1980 (110) , 219-22	(Vmax*S^n)/(S_half^n+S^n)	1113	D-Fructose 6-phosphate;ATP	P17858	erythrocyte	wildtype isoenzyme L-type	6-phosphofructokinase
44012	ATP + D-Fructose 6-phosphate = ADP + D-Fructose 1,6-bisphosphate	[50 mM Glycyl-glycine, 1 mM (NH4)2SO4, 0.5 mg/ml Bovine albumin, 5 mM Dithiothreitol, 100 mM KCl, 0.2 mM NADH, 0.5 IU/ml Aldolase, 10 IU/ml Triose phosphate isomerase, 0.5 IU/ml Glycerol-3-phosphate dehydrogenase, 50 mM Glycyl-glycine, 1 mM (NH4)2SO4, 0.5 mg/ml Bovine albumin, 5 mM Dithiothreitol, 100 mM KCl, 0.2 mM NADH, 0.5 IU/ml Aldolase, 10 IU/ml Triose phosphate isomerase, 0.5 IU/ml Glycerol-3-phosphate dehydrogenase]	2.7.1.11	[unknown, unknown, unknown, unknown, unknown, unknown]	Homo sapiens	30.0	7.0		Mg2+		R00756	Hill Cooperativity		S_half	D-Fructose 6-phosphate	9.0E-4		-	M	Glycolysis classical	D-Fructose 1,6-bisphosphate;ADP	6445282	Meienhofer MC, Cottreau D, Dreyfus JC, Kahn A: Kinetic properties of human F4 phosphofructokinase: a poor regulatory enzyme, FEBS Lett 1980 (110) , 219-22	(Vmax*S^n)/(S_half^n+S^n)	1113	D-Fructose 6-phosphate;ATP	P17858	erythrocyte	wildtype isoenzyme L-type	6-phosphofructokinase
44013	ATP + D-Fructose 6-phosphate = ADP + D-Fructose 1,6-bisphosphate	[50 mM Glycyl-glycine, 1 mM (NH4)2SO4, 0.5 mg/ml Bovine albumin, 5 mM Dithiothreitol, 100 mM KCl, 0.2 mM NADH, 0.5 IU/ml Aldolase, 10 IU/ml Triose phosphate isomerase, 0.5 IU/ml Glycerol-3-phosphate dehydrogenase, 50 mM Glycyl-glycine, 1 mM (NH4)2SO4, 0.5 mg/ml Bovine albumin, 5 mM Dithiothreitol, 100 mM KCl, 0.2 mM NADH, 0.5 IU/ml Aldolase, 10 IU/ml Triose phosphate isomerase, 0.5 IU/ml Glycerol-3-phosphate dehydrogenase]	2.7.1.11	[unknown, unknown, unknown, unknown, unknown, unknown]	Homo sapiens	30.0	7.0		Mg2+		R00756	Hill Cooperativity		concentration	ATP	5.0E-4		-	M	Glycolysis classical	D-Fructose 1,6-bisphosphate;ADP	6445282	Meienhofer MC, Cottreau D, Dreyfus JC, Kahn A: Kinetic properties of human F4 phosphofructokinase: a poor regulatory enzyme, FEBS Lett 1980 (110) , 219-22	(Vmax*S^n)/(S_half^n+S^n)	1113	ATP;D-Fructose 6-phosphate	P17858	erythrocyte	wildtype isoenzyme L-type	6-phosphofructokinase
44013	ATP + D-Fructose 6-phosphate = ADP + D-Fructose 1,6-bisphosphate	[50 mM Glycyl-glycine, 1 mM (NH4)2SO4, 0.5 mg/ml Bovine albumin, 5 mM Dithiothreitol, 100 mM KCl, 0.2 mM NADH, 0.5 IU/ml Aldolase, 10 IU/ml Triose phosphate isomerase, 0.5 IU/ml Glycerol-3-phosphate dehydrogenase, 50 mM Glycyl-glycine, 1 mM (NH4)2SO4, 0.5 mg/ml Bovine albumin, 5 mM Dithiothreitol, 100 mM KCl, 0.2 mM NADH, 0.5 IU/ml Aldolase, 10 IU/ml Triose phosphate isomerase, 0.5 IU/ml Glycerol-3-phosphate dehydrogenase]	2.7.1.11	[unknown, unknown, unknown, unknown, unknown, unknown]	Homo sapiens	30.0	7.0		Mg2+		R00756	Hill Cooperativity		S_half	D-Fructose 6-phosphate	0.0014		-	M	Glycolysis classical	D-Fructose 1,6-bisphosphate;ADP	6445282	Meienhofer MC, Cottreau D, Dreyfus JC, Kahn A: Kinetic properties of human F4 phosphofructokinase: a poor regulatory enzyme, FEBS Lett 1980 (110) , 219-22	(Vmax*S^n)/(S_half^n+S^n)	1113	ATP;D-Fructose 6-phosphate	P17858	erythrocyte	wildtype isoenzyme L-type	6-phosphofructokinase
44013	ATP + D-Fructose 6-phosphate = ADP + D-Fructose 1,6-bisphosphate	[50 mM Glycyl-glycine, 1 mM (NH4)2SO4, 0.5 mg/ml Bovine albumin, 5 mM Dithiothreitol, 100 mM KCl, 0.2 mM NADH, 0.5 IU/ml Aldolase, 10 IU/ml Triose phosphate isomerase, 0.5 IU/ml Glycerol-3-phosphate dehydrogenase, 50 mM Glycyl-glycine, 1 mM (NH4)2SO4, 0.5 mg/ml Bovine albumin, 5 mM Dithiothreitol, 100 mM KCl, 0.2 mM NADH, 0.5 IU/ml Aldolase, 10 IU/ml Triose phosphate isomerase, 0.5 IU/ml Glycerol-3-phosphate dehydrogenase]	2.7.1.11	[unknown, unknown, unknown, unknown, unknown, unknown]	Homo sapiens	30.0	7.0		Mg2+		R00756	Hill Cooperativity		concentration	D-Fructose 6-phosphate	2.5E-5	0.004	-	M	Glycolysis classical	D-Fructose 1,6-bisphosphate;ADP	6445282	Meienhofer MC, Cottreau D, Dreyfus JC, Kahn A: Kinetic properties of human F4 phosphofructokinase: a poor regulatory enzyme, FEBS Lett 1980 (110) , 219-22	(Vmax*S^n)/(S_half^n+S^n)	1113	ATP;D-Fructose 6-phosphate	P17858	erythrocyte	wildtype isoenzyme L-type	6-phosphofructokinase
44013	ATP + D-Fructose 6-phosphate = ADP + D-Fructose 1,6-bisphosphate	[50 mM Glycyl-glycine, 1 mM (NH4)2SO4, 0.5 mg/ml Bovine albumin, 5 mM Dithiothreitol, 100 mM KCl, 0.2 mM NADH, 0.5 IU/ml Aldolase, 10 IU/ml Triose phosphate isomerase, 0.5 IU/ml Glycerol-3-phosphate dehydrogenase, 50 mM Glycyl-glycine, 1 mM (NH4)2SO4, 0.5 mg/ml Bovine albumin, 5 mM Dithiothreitol, 100 mM KCl, 0.2 mM NADH, 0.5 IU/ml Aldolase, 10 IU/ml Triose phosphate isomerase, 0.5 IU/ml Glycerol-3-phosphate dehydrogenase]	2.7.1.11	[unknown, unknown, unknown, unknown, unknown, unknown]	Homo sapiens	30.0	7.0		Mg2+		R00756	Hill Cooperativity		Hill coefficient	D-Fructose 6-phosphate	2.0		-	-	Glycolysis classical	D-Fructose 1,6-bisphosphate;ADP	6445282	Meienhofer MC, Cottreau D, Dreyfus JC, Kahn A: Kinetic properties of human F4 phosphofructokinase: a poor regulatory enzyme, FEBS Lett 1980 (110) , 219-22	(Vmax*S^n)/(S_half^n+S^n)	1113	ATP;D-Fructose 6-phosphate	P17858	erythrocyte	wildtype isoenzyme L-type	6-phosphofructokinase
44013	ATP + D-Fructose 6-phosphate = ADP + D-Fructose 1,6-bisphosphate	[50 mM Glycyl-glycine, 1 mM (NH4)2SO4, 0.5 mg/ml Bovine albumin, 5 mM Dithiothreitol, 100 mM KCl, 0.2 mM NADH, 0.5 IU/ml Aldolase, 10 IU/ml Triose phosphate isomerase, 0.5 IU/ml Glycerol-3-phosphate dehydrogenase, 50 mM Glycyl-glycine, 1 mM (NH4)2SO4, 0.5 mg/ml Bovine albumin, 5 mM Dithiothreitol, 100 mM KCl, 0.2 mM NADH, 0.5 IU/ml Aldolase, 10 IU/ml Triose phosphate isomerase, 0.5 IU/ml Glycerol-3-phosphate dehydrogenase]	2.7.1.11	[unknown, unknown, unknown, unknown, unknown, unknown]	Homo sapiens	30.0	7.0		Mg2+		R00756	Hill Cooperativity		concentration	Mg2+	0.0015		-	M	Glycolysis classical	D-Fructose 1,6-bisphosphate;ADP	6445282	Meienhofer MC, Cottreau D, Dreyfus JC, Kahn A: Kinetic properties of human F4 phosphofructokinase: a poor regulatory enzyme, FEBS Lett 1980 (110) , 219-22	(Vmax*S^n)/(S_half^n+S^n)	1113	ATP;D-Fructose 6-phosphate	P17858	erythrocyte	wildtype isoenzyme L-type	6-phosphofructokinase
44013	ATP + D-Fructose 6-phosphate = ADP + D-Fructose 1,6-bisphosphate	[50 mM Glycyl-glycine, 1 mM (NH4)2SO4, 0.5 mg/ml Bovine albumin, 5 mM Dithiothreitol, 100 mM KCl, 0.2 mM NADH, 0.5 IU/ml Aldolase, 10 IU/ml Triose phosphate isomerase, 0.5 IU/ml Glycerol-3-phosphate dehydrogenase, 50 mM Glycyl-glycine, 1 mM (NH4)2SO4, 0.5 mg/ml Bovine albumin, 5 mM Dithiothreitol, 100 mM KCl, 0.2 mM NADH, 0.5 IU/ml Aldolase, 10 IU/ml Triose phosphate isomerase, 0.5 IU/ml Glycerol-3-phosphate dehydrogenase]	2.7.1.11	[unknown, unknown, unknown, unknown, unknown, unknown]	Homo sapiens	30.0	7.0		Mg2+		R00756	Hill Cooperativity		Vmax				-	-	Glycolysis classical	D-Fructose 1,6-bisphosphate;ADP	6445282	Meienhofer MC, Cottreau D, Dreyfus JC, Kahn A: Kinetic properties of human F4 phosphofructokinase: a poor regulatory enzyme, FEBS Lett 1980 (110) , 219-22	(Vmax*S^n)/(S_half^n+S^n)	1113	ATP;D-Fructose 6-phosphate	P17858	erythrocyte	wildtype isoenzyme L-type	6-phosphofructokinase
44014	ATP + D-Fructose 6-phosphate = ADP + D-Fructose 1,6-bisphosphate	[50 mM Glycyl-glycine, 1 mM (NH4)2SO4, 0.5 mg/ml Bovine albumin, 5 mM Dithiothreitol, 100 mM KCl, 0.2 mM NADH, 0.5 IU/ml Aldolase, 10 IU/ml Triose phosphate isomerase, 0.5 IU/ml Glycerol-3-phosphate dehydrogenase, 50 mM Glycyl-glycine, 1 mM (NH4)2SO4, 0.5 mg/ml Bovine albumin, 5 mM Dithiothreitol, 100 mM KCl, 0.2 mM NADH, 0.5 IU/ml Aldolase, 10 IU/ml Triose phosphate isomerase, 0.5 IU/ml Glycerol-3-phosphate dehydrogenase]	2.7.1.11	[unknown, unknown, unknown, unknown, unknown, unknown]	Homo sapiens	30.0	7.0		Mg2+		R00756	Hill Cooperativity		concentration	Mg2+	0.003		-	M	Glycolysis classical	ADP;D-Fructose 1,6-bisphosphate	6445282	Meienhofer MC, Cottreau D, Dreyfus JC, Kahn A: Kinetic properties of human F4 phosphofructokinase: a poor regulatory enzyme, FEBS Lett 1980 (110) , 219-22	(Vmax*S^n)/(S_half^n+S^n)	1113	ATP;D-Fructose 6-phosphate	P17858	erythrocyte	wildtype isoenzyme L-type	6-phosphofructokinase
44014	ATP + D-Fructose 6-phosphate = ADP + D-Fructose 1,6-bisphosphate	[50 mM Glycyl-glycine, 1 mM (NH4)2SO4, 0.5 mg/ml Bovine albumin, 5 mM Dithiothreitol, 100 mM KCl, 0.2 mM NADH, 0.5 IU/ml Aldolase, 10 IU/ml Triose phosphate isomerase, 0.5 IU/ml Glycerol-3-phosphate dehydrogenase, 50 mM Glycyl-glycine, 1 mM (NH4)2SO4, 0.5 mg/ml Bovine albumin, 5 mM Dithiothreitol, 100 mM KCl, 0.2 mM NADH, 0.5 IU/ml Aldolase, 10 IU/ml Triose phosphate isomerase, 0.5 IU/ml Glycerol-3-phosphate dehydrogenase]	2.7.1.11	[unknown, unknown, unknown, unknown, unknown, unknown]	Homo sapiens	30.0	7.0		Mg2+		R00756	Hill Cooperativity		S_half	D-Fructose 6-phosphate	0.0015		-	M	Glycolysis classical	ADP;D-Fructose 1,6-bisphosphate	6445282	Meienhofer MC, Cottreau D, Dreyfus JC, Kahn A: Kinetic properties of human F4 phosphofructokinase: a poor regulatory enzyme, FEBS Lett 1980 (110) , 219-22	(Vmax*S^n)/(S_half^n+S^n)	1113	ATP;D-Fructose 6-phosphate	P17858	erythrocyte	wildtype isoenzyme L-type	6-phosphofructokinase
44014	ATP + D-Fructose 6-phosphate = ADP + D-Fructose 1,6-bisphosphate	[50 mM Glycyl-glycine, 1 mM (NH4)2SO4, 0.5 mg/ml Bovine albumin, 5 mM Dithiothreitol, 100 mM KCl, 0.2 mM NADH, 0.5 IU/ml Aldolase, 10 IU/ml Triose phosphate isomerase, 0.5 IU/ml Glycerol-3-phosphate dehydrogenase, 50 mM Glycyl-glycine, 1 mM (NH4)2SO4, 0.5 mg/ml Bovine albumin, 5 mM Dithiothreitol, 100 mM KCl, 0.2 mM NADH, 0.5 IU/ml Aldolase, 10 IU/ml Triose phosphate isomerase, 0.5 IU/ml Glycerol-3-phosphate dehydrogenase]	2.7.1.11	[unknown, unknown, unknown, unknown, unknown, unknown]	Homo sapiens	30.0	7.0		Mg2+		R00756	Hill Cooperativity		concentration	ATP	0.001		-	M	Glycolysis classical	ADP;D-Fructose 1,6-bisphosphate	6445282	Meienhofer MC, Cottreau D, Dreyfus JC, Kahn A: Kinetic properties of human F4 phosphofructokinase: a poor regulatory enzyme, FEBS Lett 1980 (110) , 219-22	(Vmax*S^n)/(S_half^n+S^n)	1113	ATP;D-Fructose 6-phosphate	P17858	erythrocyte	wildtype isoenzyme L-type	6-phosphofructokinase
44014	ATP + D-Fructose 6-phosphate = ADP + D-Fructose 1,6-bisphosphate	[50 mM Glycyl-glycine, 1 mM (NH4)2SO4, 0.5 mg/ml Bovine albumin, 5 mM Dithiothreitol, 100 mM KCl, 0.2 mM NADH, 0.5 IU/ml Aldolase, 10 IU/ml Triose phosphate isomerase, 0.5 IU/ml Glycerol-3-phosphate dehydrogenase, 50 mM Glycyl-glycine, 1 mM (NH4)2SO4, 0.5 mg/ml Bovine albumin, 5 mM Dithiothreitol, 100 mM KCl, 0.2 mM NADH, 0.5 IU/ml Aldolase, 10 IU/ml Triose phosphate isomerase, 0.5 IU/ml Glycerol-3-phosphate dehydrogenase]	2.7.1.11	[unknown, unknown, unknown, unknown, unknown, unknown]	Homo sapiens	30.0	7.0		Mg2+		R00756	Hill Cooperativity		Hill coefficient	D-Fructose 6-phosphate	2.7		-	-	Glycolysis classical	ADP;D-Fructose 1,6-bisphosphate	6445282	Meienhofer MC, Cottreau D, Dreyfus JC, Kahn A: Kinetic properties of human F4 phosphofructokinase: a poor regulatory enzyme, FEBS Lett 1980 (110) , 219-22	(Vmax*S^n)/(S_half^n+S^n)	1113	ATP;D-Fructose 6-phosphate	P17858	erythrocyte	wildtype isoenzyme L-type	6-phosphofructokinase
44014	ATP + D-Fructose 6-phosphate = ADP + D-Fructose 1,6-bisphosphate	[50 mM Glycyl-glycine, 1 mM (NH4)2SO4, 0.5 mg/ml Bovine albumin, 5 mM Dithiothreitol, 100 mM KCl, 0.2 mM NADH, 0.5 IU/ml Aldolase, 10 IU/ml Triose phosphate isomerase, 0.5 IU/ml Glycerol-3-phosphate dehydrogenase, 50 mM Glycyl-glycine, 1 mM (NH4)2SO4, 0.5 mg/ml Bovine albumin, 5 mM Dithiothreitol, 100 mM KCl, 0.2 mM NADH, 0.5 IU/ml Aldolase, 10 IU/ml Triose phosphate isomerase, 0.5 IU/ml Glycerol-3-phosphate dehydrogenase]	2.7.1.11	[unknown, unknown, unknown, unknown, unknown, unknown]	Homo sapiens	30.0	7.0		Mg2+		R00756	Hill Cooperativity		concentration	D-Fructose 6-phosphate	2.5E-5	0.004	-	M	Glycolysis classical	ADP;D-Fructose 1,6-bisphosphate	6445282	Meienhofer MC, Cottreau D, Dreyfus JC, Kahn A: Kinetic properties of human F4 phosphofructokinase: a poor regulatory enzyme, FEBS Lett 1980 (110) , 219-22	(Vmax*S^n)/(S_half^n+S^n)	1113	ATP;D-Fructose 6-phosphate	P17858	erythrocyte	wildtype isoenzyme L-type	6-phosphofructokinase
44014	ATP + D-Fructose 6-phosphate = ADP + D-Fructose 1,6-bisphosphate	[50 mM Glycyl-glycine, 1 mM (NH4)2SO4, 0.5 mg/ml Bovine albumin, 5 mM Dithiothreitol, 100 mM KCl, 0.2 mM NADH, 0.5 IU/ml Aldolase, 10 IU/ml Triose phosphate isomerase, 0.5 IU/ml Glycerol-3-phosphate dehydrogenase, 50 mM Glycyl-glycine, 1 mM (NH4)2SO4, 0.5 mg/ml Bovine albumin, 5 mM Dithiothreitol, 100 mM KCl, 0.2 mM NADH, 0.5 IU/ml Aldolase, 10 IU/ml Triose phosphate isomerase, 0.5 IU/ml Glycerol-3-phosphate dehydrogenase]	2.7.1.11	[unknown, unknown, unknown, unknown, unknown, unknown]	Homo sapiens	30.0	7.0		Mg2+		R00756	Hill Cooperativity		Vmax				-	-	Glycolysis classical	ADP;D-Fructose 1,6-bisphosphate	6445282	Meienhofer MC, Cottreau D, Dreyfus JC, Kahn A: Kinetic properties of human F4 phosphofructokinase: a poor regulatory enzyme, FEBS Lett 1980 (110) , 219-22	(Vmax*S^n)/(S_half^n+S^n)	1113	ATP;D-Fructose 6-phosphate	P17858	erythrocyte	wildtype isoenzyme L-type	6-phosphofructokinase
44015	ATP + D-Fructose 6-phosphate = ADP + D-Fructose 1,6-bisphosphate	[50 mM Glycyl-glycine, 1 mM (NH4)2SO4, 0.5 mg/ml Bovine albumin, 5 mM Dithiothreitol, 100 mM KCl, 0.2 mM NADH, 0.5 IU/ml Aldolase, 10 IU/ml Triose phosphate isomerase, 0.5 IU/ml Glycerol-3-phosphate dehydrogenase, 50 mM Glycyl-glycine, 1 mM (NH4)2SO4, 0.5 mg/ml Bovine albumin, 5 mM Dithiothreitol, 100 mM KCl, 0.2 mM NADH, 0.5 IU/ml Aldolase, 10 IU/ml Triose phosphate isomerase, 0.5 IU/ml Glycerol-3-phosphate dehydrogenase]	2.7.1.11	[unknown, unknown, unknown, unknown, unknown, unknown]	Homo sapiens	30.0	7.0		Mg2+		R00756	Hill Cooperativity		S_half	D-Fructose 6-phosphate	0.0023		-	M	Glycolysis classical	D-Fructose 1,6-bisphosphate;ADP	6445282	Meienhofer MC, Cottreau D, Dreyfus JC, Kahn A: Kinetic properties of human F4 phosphofructokinase: a poor regulatory enzyme, FEBS Lett 1980 (110) , 219-22	(Vmax*S^n)/(S_half^n+S^n)	1113	ATP;D-Fructose 6-phosphate	P17858	erythrocyte	wildtype isoenzyme L-type	6-phosphofructokinase
44015	ATP + D-Fructose 6-phosphate = ADP + D-Fructose 1,6-bisphosphate	[50 mM Glycyl-glycine, 1 mM (NH4)2SO4, 0.5 mg/ml Bovine albumin, 5 mM Dithiothreitol, 100 mM KCl, 0.2 mM NADH, 0.5 IU/ml Aldolase, 10 IU/ml Triose phosphate isomerase, 0.5 IU/ml Glycerol-3-phosphate dehydrogenase, 50 mM Glycyl-glycine, 1 mM (NH4)2SO4, 0.5 mg/ml Bovine albumin, 5 mM Dithiothreitol, 100 mM KCl, 0.2 mM NADH, 0.5 IU/ml Aldolase, 10 IU/ml Triose phosphate isomerase, 0.5 IU/ml Glycerol-3-phosphate dehydrogenase]	2.7.1.11	[unknown, unknown, unknown, unknown, unknown, unknown]	Homo sapiens	30.0	7.0		Mg2+		R00756	Hill Cooperativity		Hill coefficient	D-Fructose 6-phosphate	3.4		-	-	Glycolysis classical	D-Fructose 1,6-bisphosphate;ADP	6445282	Meienhofer MC, Cottreau D, Dreyfus JC, Kahn A: Kinetic properties of human F4 phosphofructokinase: a poor regulatory enzyme, FEBS Lett 1980 (110) , 219-22	(Vmax*S^n)/(S_half^n+S^n)	1113	ATP;D-Fructose 6-phosphate	P17858	erythrocyte	wildtype isoenzyme L-type	6-phosphofructokinase
44015	ATP + D-Fructose 6-phosphate = ADP + D-Fructose 1,6-bisphosphate	[50 mM Glycyl-glycine, 1 mM (NH4)2SO4, 0.5 mg/ml Bovine albumin, 5 mM Dithiothreitol, 100 mM KCl, 0.2 mM NADH, 0.5 IU/ml Aldolase, 10 IU/ml Triose phosphate isomerase, 0.5 IU/ml Glycerol-3-phosphate dehydrogenase, 50 mM Glycyl-glycine, 1 mM (NH4)2SO4, 0.5 mg/ml Bovine albumin, 5 mM Dithiothreitol, 100 mM KCl, 0.2 mM NADH, 0.5 IU/ml Aldolase, 10 IU/ml Triose phosphate isomerase, 0.5 IU/ml Glycerol-3-phosphate dehydrogenase]	2.7.1.11	[unknown, unknown, unknown, unknown, unknown, unknown]	Homo sapiens	30.0	7.0		Mg2+		R00756	Hill Cooperativity		concentration	Mg2+	0.006		-	M	Glycolysis classical	D-Fructose 1,6-bisphosphate;ADP	6445282	Meienhofer MC, Cottreau D, Dreyfus JC, Kahn A: Kinetic properties of human F4 phosphofructokinase: a poor regulatory enzyme, FEBS Lett 1980 (110) , 219-22	(Vmax*S^n)/(S_half^n+S^n)	1113	ATP;D-Fructose 6-phosphate	P17858	erythrocyte	wildtype isoenzyme L-type	6-phosphofructokinase
44015	ATP + D-Fructose 6-phosphate = ADP + D-Fructose 1,6-bisphosphate	[50 mM Glycyl-glycine, 1 mM (NH4)2SO4, 0.5 mg/ml Bovine albumin, 5 mM Dithiothreitol, 100 mM KCl, 0.2 mM NADH, 0.5 IU/ml Aldolase, 10 IU/ml Triose phosphate isomerase, 0.5 IU/ml Glycerol-3-phosphate dehydrogenase, 50 mM Glycyl-glycine, 1 mM (NH4)2SO4, 0.5 mg/ml Bovine albumin, 5 mM Dithiothreitol, 100 mM KCl, 0.2 mM NADH, 0.5 IU/ml Aldolase, 10 IU/ml Triose phosphate isomerase, 0.5 IU/ml Glycerol-3-phosphate dehydrogenase]	2.7.1.11	[unknown, unknown, unknown, unknown, unknown, unknown]	Homo sapiens	30.0	7.0		Mg2+		R00756	Hill Cooperativity		Vmax				-	-	Glycolysis classical	D-Fructose 1,6-bisphosphate;ADP	6445282	Meienhofer MC, Cottreau D, Dreyfus JC, Kahn A: Kinetic properties of human F4 phosphofructokinase: a poor regulatory enzyme, FEBS Lett 1980 (110) , 219-22	(Vmax*S^n)/(S_half^n+S^n)	1113	ATP;D-Fructose 6-phosphate	P17858	erythrocyte	wildtype isoenzyme L-type	6-phosphofructokinase
44015	ATP + D-Fructose 6-phosphate = ADP + D-Fructose 1,6-bisphosphate	[50 mM Glycyl-glycine, 1 mM (NH4)2SO4, 0.5 mg/ml Bovine albumin, 5 mM Dithiothreitol, 100 mM KCl, 0.2 mM NADH, 0.5 IU/ml Aldolase, 10 IU/ml Triose phosphate isomerase, 0.5 IU/ml Glycerol-3-phosphate dehydrogenase, 50 mM Glycyl-glycine, 1 mM (NH4)2SO4, 0.5 mg/ml Bovine albumin, 5 mM Dithiothreitol, 100 mM KCl, 0.2 mM NADH, 0.5 IU/ml Aldolase, 10 IU/ml Triose phosphate isomerase, 0.5 IU/ml Glycerol-3-phosphate dehydrogenase]	2.7.1.11	[unknown, unknown, unknown, unknown, unknown, unknown]	Homo sapiens	30.0	7.0		Mg2+		R00756	Hill Cooperativity		concentration	ATP	0.002		-	M	Glycolysis classical	D-Fructose 1,6-bisphosphate;ADP	6445282	Meienhofer MC, Cottreau D, Dreyfus JC, Kahn A: Kinetic properties of human F4 phosphofructokinase: a poor regulatory enzyme, FEBS Lett 1980 (110) , 219-22	(Vmax*S^n)/(S_half^n+S^n)	1113	ATP;D-Fructose 6-phosphate	P17858	erythrocyte	wildtype isoenzyme L-type	6-phosphofructokinase
44015	ATP + D-Fructose 6-phosphate = ADP + D-Fructose 1,6-bisphosphate	[50 mM Glycyl-glycine, 1 mM (NH4)2SO4, 0.5 mg/ml Bovine albumin, 5 mM Dithiothreitol, 100 mM KCl, 0.2 mM NADH, 0.5 IU/ml Aldolase, 10 IU/ml Triose phosphate isomerase, 0.5 IU/ml Glycerol-3-phosphate dehydrogenase, 50 mM Glycyl-glycine, 1 mM (NH4)2SO4, 0.5 mg/ml Bovine albumin, 5 mM Dithiothreitol, 100 mM KCl, 0.2 mM NADH, 0.5 IU/ml Aldolase, 10 IU/ml Triose phosphate isomerase, 0.5 IU/ml Glycerol-3-phosphate dehydrogenase]	2.7.1.11	[unknown, unknown, unknown, unknown, unknown, unknown]	Homo sapiens	30.0	7.0		Mg2+		R00756	Hill Cooperativity		concentration	D-Fructose 6-phosphate	2.5E-5	0.004	-	M	Glycolysis classical	D-Fructose 1,6-bisphosphate;ADP	6445282	Meienhofer MC, Cottreau D, Dreyfus JC, Kahn A: Kinetic properties of human F4 phosphofructokinase: a poor regulatory enzyme, FEBS Lett 1980 (110) , 219-22	(Vmax*S^n)/(S_half^n+S^n)	1113	ATP;D-Fructose 6-phosphate	P17858	erythrocyte	wildtype isoenzyme L-type	6-phosphofructokinase
46778	ATP + D-Fructose 6-phosphate = ADP + D-Fructose 1,6-bisphosphate	[40 mM Tris-HCl, 2 mM MgSO4, 1 mM Dithiothreitol, 0.01% Bovine serum albumin, 1.7 units/ml Phosphoglucose isomerase, 0.2 units/ml Aldolase, 0.4 units/ml Triosephosphate isomerase, 1.3 units/ml alpha-Gycerophosphate dehydrogenase, 0.1 mM NADH, 40 mM Tris-HCl, 2 mM MgSO4, 1 mM Dithiothreitol, 0.01% Bovine serum albumin, 1.7 units/ml Phosphoglucose isomerase, 0.2 units/ml Aldolase, 0.4 units/ml Triosephosphate isomerase, 1.3 units/ml alpha-Gycerophosphate dehydrogenase, 0.1 mM NADH]	2.7.1.11	[unknown, unknown, unknown, unknown, unknown]	Homo sapiens	25.0	8.0				R00756	unknown		concentration	D-Fructose 6-phosphate	2.4E-5	4.3E-4	-	M	Starch and Sucrose metabolism	D-Fructose 1,6-bisphosphate;ADP	4241008	Layzer RB, Rowland LP, Bank WJ: Physical and kinetic properties of human phosphofructokinase from skeletal muscle and erythrocytes, J Biol Chem 1969 (244) , 3823-31	-	1113	D-Fructose 6-phosphate;ATP	P08237;P17858	erythrocyte	wildtype	6-phosphofructokinase
46778	ATP + D-Fructose 6-phosphate = ADP + D-Fructose 1,6-bisphosphate	[40 mM Tris-HCl, 2 mM MgSO4, 1 mM Dithiothreitol, 0.01% Bovine serum albumin, 1.7 units/ml Phosphoglucose isomerase, 0.2 units/ml Aldolase, 0.4 units/ml Triosephosphate isomerase, 1.3 units/ml alpha-Gycerophosphate dehydrogenase, 0.1 mM NADH, 40 mM Tris-HCl, 2 mM MgSO4, 1 mM Dithiothreitol, 0.01% Bovine serum albumin, 1.7 units/ml Phosphoglucose isomerase, 0.2 units/ml Aldolase, 0.4 units/ml Triosephosphate isomerase, 1.3 units/ml alpha-Gycerophosphate dehydrogenase, 0.1 mM NADH]	2.7.1.11	[unknown, unknown, unknown, unknown, unknown]	Homo sapiens	25.0	8.0				R00756	unknown		concentration	ATP	2.5E-5	1.0E-4	-	M	Starch and Sucrose metabolism	D-Fructose 1,6-bisphosphate;ADP	4241008	Layzer RB, Rowland LP, Bank WJ: Physical and kinetic properties of human phosphofructokinase from skeletal muscle and erythrocytes, J Biol Chem 1969 (244) , 3823-31	-	1113	D-Fructose 6-phosphate;ATP	P08237;P17858	erythrocyte	wildtype	6-phosphofructokinase
46778	ATP + D-Fructose 6-phosphate = ADP + D-Fructose 1,6-bisphosphate	[40 mM Tris-HCl, 2 mM MgSO4, 1 mM Dithiothreitol, 0.01% Bovine serum albumin, 1.7 units/ml Phosphoglucose isomerase, 0.2 units/ml Aldolase, 0.4 units/ml Triosephosphate isomerase, 1.3 units/ml alpha-Gycerophosphate dehydrogenase, 0.1 mM NADH, 40 mM Tris-HCl, 2 mM MgSO4, 1 mM Dithiothreitol, 0.01% Bovine serum albumin, 1.7 units/ml Phosphoglucose isomerase, 0.2 units/ml Aldolase, 0.4 units/ml Triosephosphate isomerase, 1.3 units/ml alpha-Gycerophosphate dehydrogenase, 0.1 mM NADH]	2.7.1.11	[unknown, unknown, unknown, unknown, unknown]	Homo sapiens	25.0	8.0				R00756	unknown		Km	ATP	1.2E-4		-	M	Starch and Sucrose metabolism	D-Fructose 1,6-bisphosphate;ADP	4241008	Layzer RB, Rowland LP, Bank WJ: Physical and kinetic properties of human phosphofructokinase from skeletal muscle and erythrocytes, J Biol Chem 1969 (244) , 3823-31	-	1113	D-Fructose 6-phosphate;ATP	P08237;P17858	erythrocyte	wildtype	6-phosphofructokinase
46779	ATP + D-Fructose 6-phosphate = ADP + D-Fructose 1,6-bisphosphate	[40 mM Tris-HCl, 2 mM MgSO4, 1 mM Dithiothreitol, 0.01% Bovine serum albumin, 1.7 units/ml Phosphoglucose isomerase, 0.2 units/ml Aldolase, 0.4 units/ml Triosephosphate isomerase, 1.3 units/ml alpha-Gycerophosphate dehydrogenase, 0.1 mM NADH, 40 mM Tris-HCl, 2 mM MgSO4, 1 mM Dithiothreitol, 0.01% Bovine serum albumin, 1.7 units/ml Phosphoglucose isomerase, 0.2 units/ml Aldolase, 0.4 units/ml Triosephosphate isomerase, 1.3 units/ml alpha-Gycerophosphate dehydrogenase, 0.1 mM NADH]	2.7.1.11	[unknown, unknown, unknown, unknown, unknown]	Homo sapiens	25.0	8.0				R00756	unknown		concentration	D-Fructose 6-phosphate	2.4E-5	4.3E-4	-	M	Starch and Sucrose metabolism	ADP;D-Fructose 1,6-bisphosphate	4241008	Layzer RB, Rowland LP, Bank WJ: Physical and kinetic properties of human phosphofructokinase from skeletal muscle and erythrocytes, J Biol Chem 1969 (244) , 3823-31	-	1113	ATP;D-Fructose 6-phosphate	P08237;P17858	erythrocyte	wildtype	6-phosphofructokinase
46779	ATP + D-Fructose 6-phosphate = ADP + D-Fructose 1,6-bisphosphate	[40 mM Tris-HCl, 2 mM MgSO4, 1 mM Dithiothreitol, 0.01% Bovine serum albumin, 1.7 units/ml Phosphoglucose isomerase, 0.2 units/ml Aldolase, 0.4 units/ml Triosephosphate isomerase, 1.3 units/ml alpha-Gycerophosphate dehydrogenase, 0.1 mM NADH, 40 mM Tris-HCl, 2 mM MgSO4, 1 mM Dithiothreitol, 0.01% Bovine serum albumin, 1.7 units/ml Phosphoglucose isomerase, 0.2 units/ml Aldolase, 0.4 units/ml Triosephosphate isomerase, 1.3 units/ml alpha-Gycerophosphate dehydrogenase, 0.1 mM NADH]	2.7.1.11	[unknown, unknown, unknown, unknown, unknown]	Homo sapiens	25.0	8.0				R00756	unknown		concentration	ATP	2.5E-5	1.0E-4	-	M	Starch and Sucrose metabolism	ADP;D-Fructose 1,6-bisphosphate	4241008	Layzer RB, Rowland LP, Bank WJ: Physical and kinetic properties of human phosphofructokinase from skeletal muscle and erythrocytes, J Biol Chem 1969 (244) , 3823-31	-	1113	ATP;D-Fructose 6-phosphate	P08237;P17858	erythrocyte	wildtype	6-phosphofructokinase
46779	ATP + D-Fructose 6-phosphate = ADP + D-Fructose 1,6-bisphosphate	[40 mM Tris-HCl, 2 mM MgSO4, 1 mM Dithiothreitol, 0.01% Bovine serum albumin, 1.7 units/ml Phosphoglucose isomerase, 0.2 units/ml Aldolase, 0.4 units/ml Triosephosphate isomerase, 1.3 units/ml alpha-Gycerophosphate dehydrogenase, 0.1 mM NADH, 40 mM Tris-HCl, 2 mM MgSO4, 1 mM Dithiothreitol, 0.01% Bovine serum albumin, 1.7 units/ml Phosphoglucose isomerase, 0.2 units/ml Aldolase, 0.4 units/ml Triosephosphate isomerase, 1.3 units/ml alpha-Gycerophosphate dehydrogenase, 0.1 mM NADH]	2.7.1.11	[unknown, unknown, unknown, unknown, unknown]	Homo sapiens	25.0	8.0				R00756	unknown		Km	D-Fructose 6-phosphate	4.5E-5		-	M	Starch and Sucrose metabolism	ADP;D-Fructose 1,6-bisphosphate	4241008	Layzer RB, Rowland LP, Bank WJ: Physical and kinetic properties of human phosphofructokinase from skeletal muscle and erythrocytes, J Biol Chem 1969 (244) , 3823-31	-	1113	ATP;D-Fructose 6-phosphate	P08237;P17858	erythrocyte	wildtype	6-